uid,recorduid,domainID,siteID,namedLocation,collectedBy,startDate,collectDate,stationNumber,tapeDistance,streamProfilingMethod,waterDepth,edgeFactor,surfaceVelocity,oneFifthDepthVelocity,twoFifthDepthVelocity,threeFifthDepthVelocity,fourFifthDepthVelocity,bedVelocity,averageVelocity,sectionArea,sectionFlow,lowVelocityQF,dataQF
"29029534-1577-4de9-ad09-6d0d5b3cbc08","dab82f7a-cf06-453b-aa7c-af87fd127e9c","D10","ARIK","ARIK.AOS.discharge","HSCHARTEL","2020-01-07T07:02Z","2020-01-07T07:02Z",5,1.40,"1 point",0.26,"-",0.00,0.00,0.00,0.02,0.00,0.00,0.02,0.02,0.55,0,
"b3edfd74-c75b-4a8d-9301-fc22aef87196","dab82f7a-cf06-453b-aa7c-af87fd127e9c","D10","ARIK","ARIK.AOS.discharge","HSCHARTEL","2020-01-07T07:02Z","2020-01-07T07:02Z",3,1.15,"1 point",0.20,"-",0.00,0.00,0.00,0.01,0.00,0.00,0.01,0.03,0.38,0,
"52dea8bb-912a-4820-9f64-373fd42331b6","dab82f7a-cf06-453b-aa7c-af87fd127e9c","D10","ARIK","ARIK.AOS.discharge","HSCHARTEL","2020-01-07T07:02Z","2020-01-07T07:02Z",2,1.00,"1 point",0.15,"-",0.00,0.00,0.00,0.01,0.00,0.00,0.01,0.03,0.35,0,
"0051432e-65cb-424b-b9a2-4ab3baea965d","dab82f7a-cf06-453b-aa7c-af87fd127e9c","D10","ARIK","ARIK.AOS.discharge","HSCHARTEL","2020-01-07T07:02Z","2020-01-07T07:02Z",10,1.80,"1 point",0.26,"-",0.00,0.00,0.00,0.07,0.00,0.00,0.07,0.02,1.30,0,
"e9c11094-70be-4cd3-8f9e-e469ee16a6ae","dab82f7a-cf06-453b-aa7c-af87fd127e9c","D10","ARIK","ARIK.AOS.discharge","HSCHARTEL","2020-01-07T07:02Z","2020-01-07T07:02Z",18,2.60,"1 point",0.18,"-",0.00,0.00,0.00,0.02,0.00,0.00,0.02,0.03,0.50,0,
"07478325-295f-4990-af0e-ac092ba2e122","dab82f7a-cf06-453b-aa7c-af87fd127e9c","D10","ARIK","ARIK.AOS.discharge","HSCHARTEL","2020-01-07T07:02Z","2020-01-07T07:02Z",11,1.90,"1 point",0.28,"-",0.00,0.00,0.00,0.02,0.00,0.00,0.02,0.03,0.68,0,
"fcc19629-5b76-48e9-8d18-3b0edf4ef4ee","dab82f7a-cf06-453b-aa7c-af87fd127e9c","D10","ARIK","ARIK.AOS.discharge","HSCHARTEL","2020-01-07T07:02Z","2020-01-07T07:02Z",21,3.20,"1 point",0.06,"-",0.00,0.00,0.00,0.01,0.00,0.00,0.01,0.02,0.23,0,
"90e34b4b-97a6-4dd3-b985-3c3c713727f4","dab82f7a-cf06-453b-aa7c-af87fd127e9c","D10","ARIK","ARIK.AOS.discharge","HSCHARTEL","2020-01-07T07:02Z","2020-01-07T07:02Z",1,0.80,"0 point",0.00,"-",0.00,0.00,0.00,0.00,0.00,0.00,0.00,0.00,0.00,0,
"43eb17a0-aa77-4ee1-9268-5272672a7f80","dab82f7a-cf06-453b-aa7c-af87fd127e9c","D10","ARIK","ARIK.AOS.discharge","HSCHARTEL","2020-01-07T07:02Z","2020-01-07T07:02Z",14,2.20,"1 point",0.25,"-",0.00,0.00,0.00,0.04,0.00,0.00,0.04,0.02,0.99,0,
"295349b7-c9fa-4e8c-859a-498a893a24b3","dab82f7a-cf06-453b-aa7c-af87fd127e9c","D10","ARIK","ARIK.AOS.discharge","HSCHARTEL","2020-01-07T07:02Z","2020-01-07T07:02Z",13,2.10,"1 point",0.26,"-",0.00,0.00,0.00,0.06,0.00,0.00,0.06,0.03,1.50,0,
"e16282db-3e83-4f8d-9a12-537a0fdef115","dab82f7a-cf06-453b-aa7c-af87fd127e9c","D10","ARIK","ARIK.AOS.discharge","HSCHARTEL","2020-01-07T07:02Z","2020-01-07T07:02Z",9,1.75,"1 point",0.28,"-",0.00,0.00,0.00,0.08,0.00,0.00,0.08,0.01,1.09,0,
"379a5b53-45a7-4969-b547-4f0e6b05c54e","dab82f7a-cf06-453b-aa7c-af87fd127e9c","D10","ARIK","ARIK.AOS.discharge","HSCHARTEL","2020-01-07T07:02Z","2020-01-07T07:02Z",6,1.50,"1 point",0.27,"-",0.00,0.00,0.00,0.02,0.00,0.00,0.02,0.03,0.45,0,
"c7645bbc-b659-4b30-9e4b-98a4be125c30","dab82f7a-cf06-453b-aa7c-af87fd127e9c","D10","ARIK","ARIK.AOS.discharge","HSCHARTEL","2020-01-07T07:02Z","2020-01-07T07:02Z",17,2.50,"1 point",0.20,"-",0.00,0.00,0.00,0.03,0.00,0.00,0.03,0.02,0.65,0,
"fd520e9e-ce56-4c69-87fd-b38f9350a625","dab82f7a-cf06-453b-aa7c-af87fd127e9c","D10","ARIK","ARIK.AOS.discharge","HSCHARTEL","2020-01-07T07:02Z","2020-01-07T07:02Z",19,2.80,"1 point",0.16,"-",0.00,0.00,0.00,0.02,0.00,0.00,0.02,0.03,0.56,0,
"9ff57a5c-b8f3-4503-b2d1-4c189416fe82","dab82f7a-cf06-453b-aa7c-af87fd127e9c","D10","ARIK","ARIK.AOS.discharge","HSCHARTEL","2020-01-07T07:02Z","2020-01-07T07:02Z",22,3.50,"0 point",0.00,"-",0.00,0.00,0.00,0.00,0.00,0.00,0.00,0.00,0.00,0,
"969ed142-83f6-4d17-b7ca-1b104cb8158c","dab82f7a-cf06-453b-aa7c-af87fd127e9c","D10","ARIK","ARIK.AOS.discharge","HSCHARTEL","2020-01-07T07:02Z","2020-01-07T07:02Z",16,2.40,"1 point",0.20,"-",0.00,0.00,0.00,0.03,0.00,0.00,0.03,0.02,0.52,0,
"1bc93394-8b2d-4b83-ac94-7d58feb86182","dab82f7a-cf06-453b-aa7c-af87fd127e9c","D10","ARIK","ARIK.AOS.discharge","HSCHARTEL","2020-01-07T07:02Z","2020-01-07T07:02Z",8,1.70,"1 point",0.27,"-",0.00,0.00,0.00,0.07,0.00,0.00,0.07,0.02,1.53,0,
"7fcb743e-341c-400f-b606-0b29fac3da19","dab82f7a-cf06-453b-aa7c-af87fd127e9c","D10","ARIK","ARIK.AOS.discharge","HSCHARTEL","2020-01-07T07:02Z","2020-01-07T07:02Z",4,1.30,"1 point",0.25,"-",0.00,0.00,0.00,0.03,0.00,0.00,0.03,0.03,0.86,0,
"30b5865a-6c58-4f6d-9cd6-346f384a60dc","dab82f7a-cf06-453b-aa7c-af87fd127e9c","D10","ARIK","ARIK.AOS.discharge","HSCHARTEL","2020-01-07T07:02Z","2020-01-07T07:02Z",20,2.95,"1 point",0.14,"-",0.00,0.00,0.00,0.03,0.00,0.00,0.03,0.03,0.96,0,
"5e3140ff-4777-428e-bae2-c25e81d8513e","dab82f7a-cf06-453b-aa7c-af87fd127e9c","D10","ARIK","ARIK.AOS.discharge","HSCHARTEL","2020-01-07T07:02Z","2020-01-07T07:02Z",12,2.00,"1 point",0.28,"-",0.00,0.00,0.00,0.03,0.00,0.00,0.03,0.03,0.84,0,
"850c6943-2071-4487-a4e8-ebc91934ffb6","dab82f7a-cf06-453b-aa7c-af87fd127e9c","D10","ARIK","ARIK.AOS.discharge","HSCHARTEL","2020-01-07T07:02Z","2020-01-07T07:02Z",15,2.30,"1 point",0.24,"-",0.00,0.00,0.00,0.04,0.00,0.00,0.04,0.02,0.93,0,
"67cc88d6-c222-42ba-a113-352eb679a9b5","dab82f7a-cf06-453b-aa7c-af87fd127e9c","D10","ARIK","ARIK.AOS.discharge","HSCHARTEL","2020-01-07T07:02Z","2020-01-07T07:02Z",7,1.60,"1 point",0.28,"-",0.00,0.00,0.00,0.05,0.00,0.00,0.05,0.03,1.46,0,
