uid,recorduid,domainID,siteID,namedLocation,collectedBy,startDate,collectDate,stationNumber,tapeDistance,streamProfilingMethod,waterDepth,edgeFactor,surfaceVelocity,oneFifthDepthVelocity,twoFifthDepthVelocity,threeFifthDepthVelocity,fourFifthDepthVelocity,bedVelocity,averageVelocity,sectionArea,sectionFlow,lowVelocityQF,dataQF
"665289c9-4a5f-4f06-957a-ae1ec098a3e3","aff38c14-fba1-481f-812f-bf3338c1599f","D10","ARIK","ARIK.AOS.discharge","RLEHRTER","2019-04-02T00:14Z","2019-04-02T00:14Z",6,1.80,"1 point",0.26,"-",0.00,0.00,0.00,0.13,0.00,0.00,0.13,0.03,3.25,0,
"8bf60a69-6e4b-4269-a05f-f6a2eebc0ea6","aff38c14-fba1-481f-812f-bf3338c1599f","D10","ARIK","ARIK.AOS.discharge","RLEHRTER","2019-04-02T00:14Z","2019-04-02T00:14Z",12,2.20,"1 point",0.26,"-",0.00,0.00,0.00,0.12,0.00,0.00,0.12,0.02,2.25,0,
"8c5fee12-b060-4a69-b4c9-146e6a027ac1","aff38c14-fba1-481f-812f-bf3338c1599f","D10","ARIK","ARIK.AOS.discharge","RLEHRTER","2019-04-02T00:14Z","2019-04-02T00:14Z",22,3.20,"1 point",0.16,"-",0.00,0.00,0.00,0.01,0.00,0.00,0.01,0.02,0.08,1,
"575d45c1-1dec-45de-bbf2-b1e2fe1d14ba","aff38c14-fba1-481f-812f-bf3338c1599f","D10","ARIK","ARIK.AOS.discharge","RLEHRTER","2019-04-02T00:14Z","2019-04-02T00:14Z",2,1.40,"1 point",0.20,"-",0.00,0.00,0.00,0.04,0.00,0.00,0.04,0.02,0.87,0,
"9492da8b-b615-47ad-9665-611537753190","aff38c14-fba1-481f-812f-bf3338c1599f","D10","ARIK","ARIK.AOS.discharge","RLEHRTER","2019-04-02T00:14Z","2019-04-02T00:14Z",20,3.00,"1 point",0.22,"-",0.00,0.00,0.00,0.05,0.00,0.00,0.05,0.02,1.10,0,
"4e85a355-aa5b-4426-88c7-613d4fc5e465","aff38c14-fba1-481f-812f-bf3338c1599f","D10","ARIK","ARIK.AOS.discharge","RLEHRTER","2019-04-02T00:14Z","2019-04-02T00:14Z",9,2.05,"1 point",0.27,"-",0.00,0.00,0.00,0.20,0.00,0.00,0.20,0.01,2.74,0,
"e3867a0f-5965-4065-b4a5-31293a44c373","aff38c14-fba1-481f-812f-bf3338c1599f","D10","ARIK","ARIK.AOS.discharge","RLEHRTER","2019-04-02T00:14Z","2019-04-02T00:14Z",15,2.50,"1 point",0.24,"-",0.00,0.00,0.00,0.07,0.00,0.00,0.07,0.02,1.66,0,
"9c21237c-13ab-447e-9543-2abb4cd5c35a","aff38c14-fba1-481f-812f-bf3338c1599f","D10","ARIK","ARIK.AOS.discharge","RLEHRTER","2019-04-02T00:14Z","2019-04-02T00:14Z",14,2.40,"1 point",0.24,"-",0.00,0.00,0.00,0.07,0.00,0.00,0.07,0.02,1.64,0,
"2509dbd7-627d-4363-8d3b-d3fe3c130d25","aff38c14-fba1-481f-812f-bf3338c1599f","D10","ARIK","ARIK.AOS.discharge","RLEHRTER","2019-04-02T00:14Z","2019-04-02T00:14Z",19,2.90,"1 point",0.22,"-",0.00,0.00,0.00,0.07,0.00,0.00,0.07,0.02,1.55,0,
"91f83294-36a2-4c70-b22a-0a87a621b8e7","aff38c14-fba1-481f-812f-bf3338c1599f","D10","ARIK","ARIK.AOS.discharge","RLEHRTER","2019-04-02T00:14Z","2019-04-02T00:14Z",3,1.50,"1 point",0.20,"-",0.00,0.00,0.00,0.05,0.00,0.00,0.05,0.02,0.98,0,
"1650cbbc-0b07-4935-a1de-abeb0b6248b0","aff38c14-fba1-481f-812f-bf3338c1599f","D10","ARIK","ARIK.AOS.discharge","RLEHRTER","2019-04-02T00:14Z","2019-04-02T00:14Z",8,2.00,"1 point",0.26,"-",0.00,0.00,0.00,0.17,0.00,0.00,0.17,0.02,3.28,0,
"2cd1eab3-289c-49c9-9c89-9dfc0ef3454d","aff38c14-fba1-481f-812f-bf3338c1599f","D10","ARIK","ARIK.AOS.discharge","RLEHRTER","2019-04-02T00:14Z","2019-04-02T00:14Z",11,2.15,"1 point",0.27,"-",0.00,0.00,0.00,0.22,0.00,0.00,0.22,0.01,2.94,0,
"8fcda64d-1af6-46ba-a3cf-296ba30e9e9c","aff38c14-fba1-481f-812f-bf3338c1599f","D10","ARIK","ARIK.AOS.discharge","RLEHRTER","2019-04-02T00:14Z","2019-04-02T00:14Z",18,2.80,"1 point",0.21,"-",0.00,0.00,0.00,0.06,0.00,0.00,0.06,0.02,1.32,0,
"337f12f2-2792-41c6-a90a-dba8e398dc42","aff38c14-fba1-481f-812f-bf3338c1599f","D10","ARIK","ARIK.AOS.discharge","RLEHRTER","2019-04-02T00:14Z","2019-04-02T00:14Z",23,3.30,"0 point",0.00,"-",0.00,0.00,0.00,0.00,0.00,0.00,0.00,0.00,0.00,0,
"6cbc3e29-dc91-4c2b-8304-edfe19143398","aff38c14-fba1-481f-812f-bf3338c1599f","D10","ARIK","ARIK.AOS.discharge","RLEHRTER","2019-04-02T00:14Z","2019-04-02T00:14Z",21,3.10,"1 point",0.21,"-",0.00,0.00,0.00,0.03,0.00,0.00,0.03,0.02,0.72,0,
"a3cc5423-5ff1-449c-b298-084916d5c6a2","aff38c14-fba1-481f-812f-bf3338c1599f","D10","ARIK","ARIK.AOS.discharge","RLEHRTER","2019-04-02T00:14Z","2019-04-02T00:14Z",13,2.30,"1 point",0.25,"-",0.00,0.00,0.00,0.08,0.00,0.00,0.08,0.03,2.03,0,
"4a6d4716-c974-4577-8074-7f13c3c9f1ee","aff38c14-fba1-481f-812f-bf3338c1599f","D10","ARIK","ARIK.AOS.discharge","RLEHRTER","2019-04-02T00:14Z","2019-04-02T00:14Z",1,1.30,"0 point",0.00,"-",0.00,0.00,0.00,0.00,0.00,0.00,0.00,0.00,0.00,0,
"c56a92b2-df8d-40de-9ab6-4fd163fbe214","aff38c14-fba1-481f-812f-bf3338c1599f","D10","ARIK","ARIK.AOS.discharge","RLEHRTER","2019-04-02T00:14Z","2019-04-02T00:14Z",4,1.60,"1 point",0.23,"-",0.00,0.00,0.00,0.11,0.00,0.00,0.11,0.02,2.41,0,
"1cadf4d6-e17d-49ed-b8a6-a0fe9f971f1e","aff38c14-fba1-481f-812f-bf3338c1599f","D10","ARIK","ARIK.AOS.discharge","RLEHRTER","2019-04-02T00:14Z","2019-04-02T00:14Z",5,1.70,"1 point",0.26,"-",0.00,0.00,0.00,0.11,0.00,0.00,0.11,0.03,2.94,0,
"26ec5f79-c0d8-430e-83f4-659aa09f8b9b","aff38c14-fba1-481f-812f-bf3338c1599f","D10","ARIK","ARIK.AOS.discharge","RLEHRTER","2019-04-02T00:14Z","2019-04-02T00:14Z",7,1.90,"1 point",0.26,"-",0.00,0.00,0.00,0.14,0.00,0.00,0.14,0.03,3.68,0,
"12c1c0b8-a40a-4cbd-97cf-686dfe0256dd","aff38c14-fba1-481f-812f-bf3338c1599f","D10","ARIK","ARIK.AOS.discharge","RLEHRTER","2019-04-02T00:14Z","2019-04-02T00:14Z",10,2.10,"1 point",0.26,"-",0.00,0.00,0.00,0.19,0.00,0.00,0.19,0.01,2.52,0,
"a3d43f47-d11e-4b89-87e5-68d75b5b046e","aff38c14-fba1-481f-812f-bf3338c1599f","D10","ARIK","ARIK.AOS.discharge","RLEHRTER","2019-04-02T00:14Z","2019-04-02T00:14Z",17,2.70,"1 point",0.21,"-",0.00,0.00,0.00,0.06,0.00,0.00,0.06,0.02,1.20,0,
"f54cbf09-af0c-442d-8644-0e6bbd8ab5c3","aff38c14-fba1-481f-812f-bf3338c1599f","D10","ARIK","ARIK.AOS.discharge","RLEHRTER","2019-04-02T00:14Z","2019-04-02T00:14Z",16,2.60,"1 point",0.23,"-",0.00,0.00,0.00,0.07,0.00,0.00,0.07,0.02,1.65,0,
"7c244320-1d4a-40ff-98a8-1248f8599dcc","68a23ed5-188b-4899-bf84-84af1e71effb","D10","ARIK","ARIK.AOS.discharge","ZLAFAVER","2019-04-17T06:50Z","2019-04-17T06:50Z",15,2.20,"1 point",0.26,"-",0.00,0.00,0.00,0.18,0.00,0.00,0.18,0.01,2.35,0,
"b31d9791-8717-4270-b54e-d81406c7e59a","68a23ed5-188b-4899-bf84-84af1e71effb","D10","ARIK","ARIK.AOS.discharge","ZLAFAVER","2019-04-17T06:50Z","2019-04-17T06:50Z",16,2.25,"1 point",0.27,"-",0.00,0.00,0.00,0.20,0.00,0.00,0.20,0.01,2.65,0,
"d20cde2d-128e-4b7f-8c7e-80d113cc9930","68a23ed5-188b-4899-bf84-84af1e71effb","D10","ARIK","ARIK.AOS.discharge","ZLAFAVER","2019-04-17T06:50Z","2019-04-17T06:50Z",17,2.30,"1 point",0.27,"-",0.00,0.00,0.00,0.20,0.00,0.00,0.20,0.02,4.17,0,
"33ec61eb-dcc3-4690-aa85-5df27f53fc52","68a23ed5-188b-4899-bf84-84af1e71effb","D10","ARIK","ARIK.AOS.discharge","ZLAFAVER","2019-04-17T06:50Z","2019-04-17T06:50Z",9,1.70,"1 point",0.24,"-",0.00,0.00,0.00,0.05,0.00,0.00,0.05,0.02,1.11,0,
"3fd6863a-8b9a-44a8-b910-b316a1594992","68a23ed5-188b-4899-bf84-84af1e71effb","D10","ARIK","ARIK.AOS.discharge","ZLAFAVER","2019-04-17T06:50Z","2019-04-17T06:50Z",24,3.10,"0 point",0.00,"-",0.00,0.00,0.00,0.00,0.00,0.00,0.00,0.00,0.00,0,
"5949b7d2-e51a-4f65-9b56-64feefff41b6","68a23ed5-188b-4899-bf84-84af1e71effb","D10","ARIK","ARIK.AOS.discharge","ZLAFAVER","2019-04-17T06:50Z","2019-04-17T06:50Z",22,2.80,"1 point",0.22,"-",0.00,0.00,0.00,0.05,0.00,0.00,0.05,0.02,1.16,0,
"a4148685-1857-477a-849b-9747b4ca3e5d","68a23ed5-188b-4899-bf84-84af1e71effb","D10","ARIK","ARIK.AOS.discharge","ZLAFAVER","2019-04-17T06:50Z","2019-04-17T06:50Z",1,0.90,"0 point",0.00,"-",0.00,0.00,0.00,0.00,0.00,0.00,0.00,0.00,0.00,0,
"99cd4bb3-9b41-415b-bbf2-5fbea0aa91a8","68a23ed5-188b-4899-bf84-84af1e71effb","D10","ARIK","ARIK.AOS.discharge","ZLAFAVER","2019-04-17T06:50Z","2019-04-17T06:50Z",19,2.50,"1 point",0.26,"-",0.00,0.00,0.00,0.09,0.00,0.00,0.09,0.03,2.38,0,
"d7b7b320-e8ef-4cad-8ed2-03e7d935917e","68a23ed5-188b-4899-bf84-84af1e71effb","D10","ARIK","ARIK.AOS.discharge","ZLAFAVER","2019-04-17T06:50Z","2019-04-17T06:50Z",14,2.15,"1 point",0.27,"-",0.00,0.00,0.00,0.13,0.00,0.00,0.13,0.01,1.81,0,
"43906f34-f551-4c9e-be87-6df741633a9e","68a23ed5-188b-4899-bf84-84af1e71effb","D10","ARIK","ARIK.AOS.discharge","ZLAFAVER","2019-04-17T06:50Z","2019-04-17T06:50Z",6,1.40,"1 point",0.22,"-",0.00,0.00,0.00,0.03,0.00,0.00,0.03,0.02,0.69,0,
"8a2dbad0-462e-433b-8f5c-dbf4ed3db404","68a23ed5-188b-4899-bf84-84af1e71effb","D10","ARIK","ARIK.AOS.discharge","ZLAFAVER","2019-04-17T06:50Z","2019-04-17T06:50Z",5,1.30,"1 point",0.22,"-",0.00,0.00,0.00,0.05,0.00,0.00,0.05,0.02,1.10,0,
"ad40c920-840f-4838-8cab-e06eefc088c3","68a23ed5-188b-4899-bf84-84af1e71effb","D10","ARIK","ARIK.AOS.discharge","ZLAFAVER","2019-04-17T06:50Z","2019-04-17T06:50Z",18,2.40,"1 point",0.26,"-",0.00,0.00,0.00,0.16,0.00,0.00,0.16,0.03,4.27,0,
"64ef52f3-bdcb-482f-8ace-55bf4021575c","68a23ed5-188b-4899-bf84-84af1e71effb","D10","ARIK","ARIK.AOS.discharge","ZLAFAVER","2019-04-17T06:50Z","2019-04-17T06:50Z",20,2.60,"1 point",0.24,"-",0.00,0.00,0.00,0.10,0.00,0.00,0.10,0.02,2.36,0,
"9c4b5dd4-2a53-4599-b13a-7e7085205dd4","68a23ed5-188b-4899-bf84-84af1e71effb","D10","ARIK","ARIK.AOS.discharge","ZLAFAVER","2019-04-17T06:50Z","2019-04-17T06:50Z",7,1.50,"1 point",0.22,"-",0.00,0.00,0.00,0.03,0.00,0.00,0.03,0.02,0.64,0,
"c0541210-891d-4e8d-a6a5-eb8a55d22b2e","68a23ed5-188b-4899-bf84-84af1e71effb","D10","ARIK","ARIK.AOS.discharge","ZLAFAVER","2019-04-17T06:50Z","2019-04-17T06:50Z",11,1.90,"1 point",0.25,"-",0.00,0.00,0.00,0.06,0.00,0.00,0.06,0.02,1.42,0,
"b9abc918-30ed-4f0e-868c-3912f4687d4e","68a23ed5-188b-4899-bf84-84af1e71effb","D10","ARIK","ARIK.AOS.discharge","ZLAFAVER","2019-04-17T06:50Z","2019-04-17T06:50Z",10,1.80,"1 point",0.25,"-",0.00,0.00,0.00,0.04,0.00,0.00,0.04,0.02,0.93,0,
"4aa3155b-2477-4d45-b0bb-0bc6204dcc07","68a23ed5-188b-4899-bf84-84af1e71effb","D10","ARIK","ARIK.AOS.discharge","ZLAFAVER","2019-04-17T06:50Z","2019-04-17T06:50Z",13,2.10,"1 point",0.26,"-",0.00,0.00,0.00,0.11,0.00,0.00,0.11,0.02,2.12,0,
"dc76af47-4431-45da-a148-d99b37af46dd","68a23ed5-188b-4899-bf84-84af1e71effb","D10","ARIK","ARIK.AOS.discharge","ZLAFAVER","2019-04-17T06:50Z","2019-04-17T06:50Z",3,1.10,"1 point",0.17,"-",0.00,0.00,0.00,0.01,0.00,0.00,0.01,0.02,0.12,0,
"4f46a693-4f02-4ca7-a5ff-1f862325d854","68a23ed5-188b-4899-bf84-84af1e71effb","D10","ARIK","ARIK.AOS.discharge","ZLAFAVER","2019-04-17T06:50Z","2019-04-17T06:50Z",23,2.90,"1 point",0.18,"-",0.00,0.00,0.00,0.03,0.00,0.00,0.03,0.03,0.89,0,
"2d88d231-6f72-4f17-9a5d-f7bf818f5db9","68a23ed5-188b-4899-bf84-84af1e71effb","D10","ARIK","ARIK.AOS.discharge","ZLAFAVER","2019-04-17T06:50Z","2019-04-17T06:50Z",2,1.00,"1 point",0.10,"-",0.00,0.00,0.00,0.00,0.00,0.00,0.00,0.01,0.05,0,
"266056e1-8888-47b5-9628-0aca92784d8f","68a23ed5-188b-4899-bf84-84af1e71effb","D10","ARIK","ARIK.AOS.discharge","ZLAFAVER","2019-04-17T06:50Z","2019-04-17T06:50Z",8,1.60,"1 point",0.22,"-",0.00,0.00,0.00,0.03,0.00,0.00,0.03,0.02,0.74,0,
"ed9d735c-45c1-4720-949f-8ff4fac3dc64","68a23ed5-188b-4899-bf84-84af1e71effb","D10","ARIK","ARIK.AOS.discharge","ZLAFAVER","2019-04-17T06:50Z","2019-04-17T06:50Z",21,2.70,"1 point",0.22,"-",0.00,0.00,0.00,0.02,0.00,0.00,0.02,0.02,0.41,0,
"94751239-4d64-4f4e-8504-60d824d2ee09","68a23ed5-188b-4899-bf84-84af1e71effb","D10","ARIK","ARIK.AOS.discharge","ZLAFAVER","2019-04-17T06:50Z","2019-04-17T06:50Z",4,1.20,"1 point",0.21,"-",0.00,0.00,0.00,0.02,0.00,0.00,0.02,0.02,0.54,0,
"2aa25b7e-9346-4bad-bb6d-f77c59980052","68a23ed5-188b-4899-bf84-84af1e71effb","D10","ARIK","ARIK.AOS.discharge","ZLAFAVER","2019-04-17T06:50Z","2019-04-17T06:50Z",12,2.00,"1 point",0.26,"-",0.00,0.00,0.00,0.07,0.00,0.00,0.07,0.03,1.72,0,
"58f5fa5c-d9b7-4f80-a977-10160de95d57","df6143b3-9633-4f6d-8ff8-5ff533ad353d","D10","ARIK","ARIK.AOS.discharge","ZLAFAVER","2019-04-24T20:20Z","2019-04-24T20:20Z",11,1.90,"1 point",0.26,"-",0.00,0.00,0.00,0.03,0.00,0.00,0.03,0.03,0.83,0,
"05ead692-222c-4c28-a3d6-d4a883844ba0","df6143b3-9633-4f6d-8ff8-5ff533ad353d","D10","ARIK","ARIK.AOS.discharge","ZLAFAVER","2019-04-24T20:20Z","2019-04-24T20:20Z",21,2.60,"1 point",0.24,"-",0.00,0.00,0.00,0.10,0.00,0.00,0.10,0.02,2.31,0,
"67dcfdbc-4785-42f7-bbdb-10abdf733c53","df6143b3-9633-4f6d-8ff8-5ff533ad353d","D10","ARIK","ARIK.AOS.discharge","ZLAFAVER","2019-04-24T20:20Z","2019-04-24T20:20Z",24,2.90,"1 point",0.18,"-",0.00,0.00,0.00,0.04,0.00,0.00,0.04,0.03,1.19,0,
"500eae4e-dcfa-45be-b4ca-a21558cbdeac","df6143b3-9633-4f6d-8ff8-5ff533ad353d","D10","ARIK","ARIK.AOS.discharge","ZLAFAVER","2019-04-24T20:20Z","2019-04-24T20:20Z",20,2.50,"1 point",0.26,"-",0.00,0.00,0.00,0.11,0.00,0.00,0.11,0.03,2.85,0,
"0d9e7072-a47a-4cdc-8d5a-1b2de6b2197e","df6143b3-9633-4f6d-8ff8-5ff533ad353d","D10","ARIK","ARIK.AOS.discharge","ZLAFAVER","2019-04-24T20:20Z","2019-04-24T20:20Z",13,2.05,"1 point",0.27,"-",0.00,0.00,0.00,0.09,0.00,0.00,0.09,0.01,1.28,0,
"e7cf2f5a-75e8-4d9d-8ea9-e64535993d61","df6143b3-9633-4f6d-8ff8-5ff533ad353d","D10","ARIK","ARIK.AOS.discharge","ZLAFAVER","2019-04-24T20:20Z","2019-04-24T20:20Z",6,1.40,"1 point",0.22,"-",0.00,0.00,0.00,0.02,0.00,0.00,0.02,0.02,0.52,0,
"08428212-9b45-4e73-9700-4dfeceec2267","df6143b3-9633-4f6d-8ff8-5ff533ad353d","D10","ARIK","ARIK.AOS.discharge","ZLAFAVER","2019-04-24T20:20Z","2019-04-24T20:20Z",16,2.20,"1 point",0.27,"-",0.00,0.00,0.00,0.20,0.00,0.00,0.20,0.01,2.64,0,
"4fd47aa2-54ae-41b4-92d5-d742bd24ed2f","df6143b3-9633-4f6d-8ff8-5ff533ad353d","D10","ARIK","ARIK.AOS.discharge","ZLAFAVER","2019-04-24T20:20Z","2019-04-24T20:20Z",18,2.30,"1 point",0.26,"-",0.00,0.00,0.00,0.20,0.00,0.00,0.20,0.02,3.86,0,
"03766115-4087-4a2c-9f90-923155b35e08","df6143b3-9633-4f6d-8ff8-5ff533ad353d","D10","ARIK","ARIK.AOS.discharge","ZLAFAVER","2019-04-24T20:20Z","2019-04-24T20:20Z",17,2.25,"1 point",0.27,"-",0.00,0.00,0.00,0.19,0.00,0.00,0.19,0.01,2.60,0,
"64f576f6-ce40-488b-a5c3-8e1eb801fc86","df6143b3-9633-4f6d-8ff8-5ff533ad353d","D10","ARIK","ARIK.AOS.discharge","ZLAFAVER","2019-04-24T20:20Z","2019-04-24T20:20Z",2,1.00,"1 point",0.14,"-",0.00,0.00,0.00,-0.01,0.00,0.00,-0.01,0.01,-0.17,1,
"1bbf2c02-d8a0-4755-beca-9b7cbb7163db","df6143b3-9633-4f6d-8ff8-5ff533ad353d","D10","ARIK","ARIK.AOS.discharge","ZLAFAVER","2019-04-24T20:20Z","2019-04-24T20:20Z",4,1.20,"1 point",0.21,"-",0.00,0.00,0.00,0.02,0.00,0.00,0.02,0.02,0.50,0,
"fe267748-b494-47c4-80eb-6e4592379916","df6143b3-9633-4f6d-8ff8-5ff533ad353d","D10","ARIK","ARIK.AOS.discharge","ZLAFAVER","2019-04-24T20:20Z","2019-04-24T20:20Z",8,1.60,"1 point",0.23,"-",0.00,0.00,0.00,0.05,0.00,0.00,0.05,0.02,1.06,0,
"d4b96ab4-5e2c-4061-aaea-cd9a7ee149b3","df6143b3-9633-4f6d-8ff8-5ff533ad353d","D10","ARIK","ARIK.AOS.discharge","ZLAFAVER","2019-04-24T20:20Z","2019-04-24T20:20Z",5,1.30,"1 point",0.24,"-",0.00,0.00,0.00,0.04,0.00,0.00,0.04,0.02,0.87,0,
"231ca3af-b30e-4c2e-9155-3c54ed0d2711","df6143b3-9633-4f6d-8ff8-5ff533ad353d","D10","ARIK","ARIK.AOS.discharge","ZLAFAVER","2019-04-24T20:20Z","2019-04-24T20:20Z",9,1.70,"1 point",0.25,"-",0.00,0.00,0.00,0.03,0.00,0.00,0.03,0.03,0.76,0,
"e9e5e4d0-95c8-4598-a21a-62fe7dc83afd","df6143b3-9633-4f6d-8ff8-5ff533ad353d","D10","ARIK","ARIK.AOS.discharge","ZLAFAVER","2019-04-24T20:20Z","2019-04-24T20:20Z",12,2.00,"1 point",0.27,"-",0.00,0.00,0.00,0.06,0.00,0.00,0.06,0.02,1.31,0,
"ab396219-eb31-4ce2-906a-af9aa97db276","df6143b3-9633-4f6d-8ff8-5ff533ad353d","D10","ARIK","ARIK.AOS.discharge","ZLAFAVER","2019-04-24T20:20Z","2019-04-24T20:20Z",14,2.10,"1 point",0.27,"-",0.00,0.00,0.00,0.14,0.00,0.00,0.14,0.01,1.88,0,
"e18386ad-db69-4cc8-b148-e77331222f55","df6143b3-9633-4f6d-8ff8-5ff533ad353d","D10","ARIK","ARIK.AOS.discharge","ZLAFAVER","2019-04-24T20:20Z","2019-04-24T20:20Z",7,1.50,"1 point",0.22,"-",0.00,0.00,0.00,0.05,0.00,0.00,0.05,0.02,1.10,0,
"244bca48-1da5-4b8f-8864-152d64fef1ef","df6143b3-9633-4f6d-8ff8-5ff533ad353d","D10","ARIK","ARIK.AOS.discharge","ZLAFAVER","2019-04-24T20:20Z","2019-04-24T20:20Z",19,2.40,"1 point",0.26,"-",0.00,0.00,0.00,0.16,0.00,0.00,0.16,0.03,4.19,0,
"cf37c5ab-91d3-4af1-9d1f-836bb6de87d9","df6143b3-9633-4f6d-8ff8-5ff533ad353d","D10","ARIK","ARIK.AOS.discharge","ZLAFAVER","2019-04-24T20:20Z","2019-04-24T20:20Z",1,0.90,"0 point",0.00,"-",0.00,0.00,0.00,0.00,0.00,0.00,0.00,0.00,0.00,0,
"1e7852e6-738d-42fa-b709-ab9cd437e06e","df6143b3-9633-4f6d-8ff8-5ff533ad353d","D10","ARIK","ARIK.AOS.discharge","ZLAFAVER","2019-04-24T20:20Z","2019-04-24T20:20Z",10,1.80,"1 point",0.26,"-",0.00,0.00,0.00,0.03,0.00,0.00,0.03,0.03,0.65,0,
"6f56b812-0f21-4bb8-b4d0-fa89809acefe","df6143b3-9633-4f6d-8ff8-5ff533ad353d","D10","ARIK","ARIK.AOS.discharge","ZLAFAVER","2019-04-24T20:20Z","2019-04-24T20:20Z",3,1.10,"1 point",0.18,"-",0.00,0.00,0.00,0.01,0.00,0.00,0.01,0.02,0.15,1,
"3b45d07d-1c53-4f42-b23a-bf997aecfca9","df6143b3-9633-4f6d-8ff8-5ff533ad353d","D10","ARIK","ARIK.AOS.discharge","ZLAFAVER","2019-04-24T20:20Z","2019-04-24T20:20Z",25,3.10,"0 point",0.00,"-",0.00,0.00,0.00,0.00,0.00,0.00,0.00,0.00,0.00,0,
"bd4df3ba-1f28-4dd3-ad7b-111effdda9b8","df6143b3-9633-4f6d-8ff8-5ff533ad353d","D10","ARIK","ARIK.AOS.discharge","ZLAFAVER","2019-04-24T20:20Z","2019-04-24T20:20Z",23,2.80,"1 point",0.20,"-",0.00,0.00,0.00,0.04,0.00,0.00,0.04,0.02,0.81,0,
"4157394e-4184-4005-92de-b74f0272487f","df6143b3-9633-4f6d-8ff8-5ff533ad353d","D10","ARIK","ARIK.AOS.discharge","ZLAFAVER","2019-04-24T20:20Z","2019-04-24T20:20Z",22,2.70,"1 point",0.22,"-",0.00,0.00,0.00,0.05,0.00,0.00,0.05,0.02,1.09,0,
"e96942fb-c213-4674-a3af-1e402a0fff63","df6143b3-9633-4f6d-8ff8-5ff533ad353d","D10","ARIK","ARIK.AOS.discharge","ZLAFAVER","2019-04-24T20:20Z","2019-04-24T20:20Z",15,2.15,"1 point",0.27,"-",0.00,0.00,0.00,0.18,0.00,0.00,0.18,0.01,2.36,0,
