uid,recorduid,domainID,siteID,namedLocation,collectedBy,startDate,collectDate,stationNumber,tapeDistance,streamProfilingMethod,waterDepth,edgeFactor,surfaceVelocity,oneFifthDepthVelocity,twoFifthDepthVelocity,threeFifthDepthVelocity,fourFifthDepthVelocity,bedVelocity,averageVelocity,sectionArea,sectionFlow,lowVelocityQF,dataQF
"eb937b4e-59d1-4c0a-b903-d47e86dad109","5d3ddea3-ce43-42bb-b274-b88d56cdead3","D10","ARIK","ARIK.AOS.discharge","KNICKELS","2019-06-05T00:04Z","2019-06-05T00:04Z",17,2.40,"1 point",0.34,"-",0.00,0.00,0.00,0.10,0.00,0.00,0.10,0.02,1.65,0,
"b8a77cc2-d747-42fe-802a-6bf55a7b4216","5d3ddea3-ce43-42bb-b274-b88d56cdead3","D10","ARIK","ARIK.AOS.discharge","KNICKELS","2019-06-05T00:04Z","2019-06-05T00:04Z",24,2.90,"1 point",0.24,"-",0.00,0.00,0.00,0.02,0.00,0.00,0.02,0.02,0.58,0,
"94142426-afb6-49e5-8ca4-804eac7991ee","5d3ddea3-ce43-42bb-b274-b88d56cdead3","D10","ARIK","ARIK.AOS.discharge","KNICKELS","2019-06-05T00:04Z","2019-06-05T00:04Z",7,1.65,"1 point",0.30,"-",0.00,0.00,0.00,0.03,0.00,0.00,0.03,0.03,0.97,0,
"b79fb9e7-3ba4-4c43-87ff-584d1b2bb93b","5d3ddea3-ce43-42bb-b274-b88d56cdead3","D10","ARIK","ARIK.AOS.discharge","KNICKELS","2019-06-05T00:04Z","2019-06-05T00:04Z",8,1.75,"1 point",0.30,"-",0.00,0.00,0.00,0.03,0.00,0.00,0.03,0.03,0.87,0,
"3e6a96dd-b745-40a3-b944-68a50e5c43f3","5d3ddea3-ce43-42bb-b274-b88d56cdead3","D10","ARIK","ARIK.AOS.discharge","KNICKELS","2019-06-05T00:04Z","2019-06-05T00:04Z",13,2.20,"1 point",0.34,"-",0.00,0.00,0.00,0.06,0.00,0.00,0.06,0.02,1.10,0,
"14e77361-3b24-405c-b58d-dc831c21fb6b","5d3ddea3-ce43-42bb-b274-b88d56cdead3","D10","ARIK","ARIK.AOS.discharge","KNICKELS","2019-06-05T00:04Z","2019-06-05T00:04Z",1,1.05,"0 point",0.00,"-",0.00,0.00,0.00,0.00,0.00,0.00,0.00,0.00,0.00,0,
"409662de-44a6-4487-9762-01acbb546c02","5d3ddea3-ce43-42bb-b274-b88d56cdead3","D10","ARIK","ARIK.AOS.discharge","KNICKELS","2019-06-05T00:04Z","2019-06-05T00:04Z",11,2.05,"1 point",0.32,"-",0.00,0.00,0.00,0.04,0.00,0.00,0.04,0.03,1.28,0,
"029ca999-5a4c-4ad7-8bac-3549ba48042b","5d3ddea3-ce43-42bb-b274-b88d56cdead3","D10","ARIK","ARIK.AOS.discharge","KNICKELS","2019-06-05T00:04Z","2019-06-05T00:04Z",25,3.00,"1 point",0.16,"-",0.00,0.00,0.00,0.02,0.00,0.00,0.02,0.02,0.45,0,
"277f281e-66a0-4330-8733-87c9fea006ec","5d3ddea3-ce43-42bb-b274-b88d56cdead3","D10","ARIK","ARIK.AOS.discharge","KNICKELS","2019-06-05T00:04Z","2019-06-05T00:04Z",16,2.35,"1 point",0.34,"-",0.00,0.00,0.00,0.10,0.00,0.00,0.10,0.02,1.72,0,
"f16eb86f-2992-4a16-bd07-5eb74c960880","5d3ddea3-ce43-42bb-b274-b88d56cdead3","D10","ARIK","ARIK.AOS.discharge","KNICKELS","2019-06-05T00:04Z","2019-06-05T00:04Z",2,1.15,"1 point",0.26,"-",0.00,0.00,0.00,0.02,0.00,0.00,0.02,0.03,0.63,0,
"b10dd060-4190-4777-b98b-3d3a4bdeb5c5","5d3ddea3-ce43-42bb-b274-b88d56cdead3","D10","ARIK","ARIK.AOS.discharge","KNICKELS","2019-06-05T00:04Z","2019-06-05T00:04Z",14,2.25,"1 point",0.34,"-",0.00,0.00,0.00,0.08,0.00,0.00,0.08,0.02,1.38,0,
"17767726-365d-4f8f-9ba9-1f0b2d8e9998","5d3ddea3-ce43-42bb-b274-b88d56cdead3","D10","ARIK","ARIK.AOS.discharge","KNICKELS","2019-06-05T00:04Z","2019-06-05T00:04Z",12,2.15,"1 point",0.33,"-",0.00,0.00,0.00,0.06,0.00,0.00,0.06,0.03,1.37,0,
"647944c8-6c60-407c-bddf-a2f39245513f","5d3ddea3-ce43-42bb-b274-b88d56cdead3","D10","ARIK","ARIK.AOS.discharge","KNICKELS","2019-06-05T00:04Z","2019-06-05T00:04Z",20,2.55,"1 point",0.30,"-",0.00,0.00,0.00,0.05,0.00,0.00,0.05,0.02,0.70,0,
"3f56b545-5e9c-4c8d-bf9c-ba2d6f61d51a","5d3ddea3-ce43-42bb-b274-b88d56cdead3","D10","ARIK","ARIK.AOS.discharge","KNICKELS","2019-06-05T00:04Z","2019-06-05T00:04Z",19,2.50,"1 point",0.31,"-",0.00,0.00,0.00,0.05,0.00,0.00,0.05,0.02,0.69,0,
"3ad2d247-d279-43c0-af8c-a983bb714023","5d3ddea3-ce43-42bb-b274-b88d56cdead3","D10","ARIK","ARIK.AOS.discharge","KNICKELS","2019-06-05T00:04Z","2019-06-05T00:04Z",22,2.70,"1 point",0.27,"-",0.00,0.00,0.00,0.04,0.00,0.00,0.04,0.03,1.14,0,
"2acd7248-3bf2-4dda-9589-65060b413c50","5d3ddea3-ce43-42bb-b274-b88d56cdead3","D10","ARIK","ARIK.AOS.discharge","KNICKELS","2019-06-05T00:04Z","2019-06-05T00:04Z",3,1.25,"1 point",0.28,"-",0.00,0.00,0.00,0.03,0.00,0.00,0.03,0.03,0.75,0,
"342e666d-1cde-40f0-932b-42074093da8c","5d3ddea3-ce43-42bb-b274-b88d56cdead3","D10","ARIK","ARIK.AOS.discharge","KNICKELS","2019-06-05T00:04Z","2019-06-05T00:04Z",18,2.45,"1 point",0.32,"-",0.00,0.00,0.00,0.07,0.00,0.00,0.07,0.02,1.08,0,
"e27fa198-0e16-4be4-83db-71ca10947238","5d3ddea3-ce43-42bb-b274-b88d56cdead3","D10","ARIK","ARIK.AOS.discharge","KNICKELS","2019-06-05T00:04Z","2019-06-05T00:04Z",15,2.30,"1 point",0.34,"-",0.00,0.00,0.00,0.10,0.00,0.00,0.10,0.02,1.62,0,
"69f79c3a-0e5d-47bd-8678-47c4bdf84a1f","5d3ddea3-ce43-42bb-b274-b88d56cdead3","D10","ARIK","ARIK.AOS.discharge","KNICKELS","2019-06-05T00:04Z","2019-06-05T00:04Z",21,2.60,"1 point",0.28,"-",0.00,0.00,0.00,0.05,0.00,0.00,0.05,0.02,1.01,0,
"916842fe-744d-4b2f-9a8e-a2d0460e763a","5d3ddea3-ce43-42bb-b274-b88d56cdead3","D10","ARIK","ARIK.AOS.discharge","KNICKELS","2019-06-05T00:04Z","2019-06-05T00:04Z",5,1.45,"1 point",0.29,"-",0.00,0.00,0.00,0.02,0.00,0.00,0.02,0.03,0.64,0,
"7289e506-ee58-4ea5-bd66-72deece279c1","5d3ddea3-ce43-42bb-b274-b88d56cdead3","D10","ARIK","ARIK.AOS.discharge","KNICKELS","2019-06-05T00:04Z","2019-06-05T00:04Z",6,1.55,"1 point",0.30,"-",0.00,0.00,0.00,0.02,0.00,0.00,0.02,0.03,0.73,0,
"6c15f8b4-a21c-4c8f-9980-6db564b1588a","5d3ddea3-ce43-42bb-b274-b88d56cdead3","D10","ARIK","ARIK.AOS.discharge","KNICKELS","2019-06-05T00:04Z","2019-06-05T00:04Z",10,1.95,"1 point",0.30,"-",0.00,0.00,0.00,0.03,0.00,0.00,0.03,0.03,0.79,0,
"2cb864fb-c51d-4f9c-ba21-892e203f0ef8","5d3ddea3-ce43-42bb-b274-b88d56cdead3","D10","ARIK","ARIK.AOS.discharge","KNICKELS","2019-06-05T00:04Z","2019-06-05T00:04Z",9,1.85,"1 point",0.30,"-",0.00,0.00,0.00,0.03,0.00,0.00,0.03,0.03,1.02,0,
"8ad52441-9b46-471b-9df8-0617a6422afb","5d3ddea3-ce43-42bb-b274-b88d56cdead3","D10","ARIK","ARIK.AOS.discharge","KNICKELS","2019-06-05T00:04Z","2019-06-05T00:04Z",26,3.15,"0 point",0.00,"-",0.00,0.00,0.00,0.00,0.00,0.00,0.00,0.00,0.00,0,
"be147540-9e9e-4808-8040-4aa80b54366e","5d3ddea3-ce43-42bb-b274-b88d56cdead3","D10","ARIK","ARIK.AOS.discharge","KNICKELS","2019-06-05T00:04Z","2019-06-05T00:04Z",23,2.80,"1 point",0.25,"-",0.00,0.00,0.00,0.03,0.00,0.00,0.03,0.03,0.73,0,
"3733cde5-b9bd-4179-9c77-3b4c49d974d7","5d3ddea3-ce43-42bb-b274-b88d56cdead3","D10","ARIK","ARIK.AOS.discharge","KNICKELS","2019-06-05T00:04Z","2019-06-05T00:04Z",4,1.35,"1 point",0.28,"-",0.00,0.00,0.00,0.02,0.00,0.00,0.02,0.03,0.65,0,
