uid,recorduid,domainID,siteID,namedLocation,collectedBy,startDate,collectDate,stationNumber,tapeDistance,streamProfilingMethod,waterDepth,edgeFactor,surfaceVelocity,oneFifthDepthVelocity,twoFifthDepthVelocity,threeFifthDepthVelocity,fourFifthDepthVelocity,bedVelocity,averageVelocity,sectionArea,sectionFlow,lowVelocityQF,dataQF
"c8db091b-b6b9-4bdd-978a-b1a1ec6691a8","44ec0fe2-8358-4b49-aeeb-efb706145ab1","D10","ARIK","ARIK.AOS.discharge","HSCHARTEL","2016-02-16T07:53Z","2016-02-16T07:53Z",12,2.32,"1 point",0.29,"-",0.00,0.00,0.00,0.28,0.00,0.00,0.28,0.03,9.80,0,
"77278df1-ebbe-4cbd-b6f8-d330c43f609a","44ec0fe2-8358-4b49-aeeb-efb706145ab1","D10","ARIK","ARIK.AOS.discharge","HSCHARTEL","2016-02-16T07:53Z","2016-02-16T07:53Z",9,1.96,"1 point",0.34,"-",0.00,0.00,0.00,0.16,0.00,0.00,0.16,0.04,6.73,0,
"7987f7ac-8815-4239-9291-b14a045fb407","44ec0fe2-8358-4b49-aeeb-efb706145ab1","D10","ARIK","ARIK.AOS.discharge","HSCHARTEL","2016-02-16T07:53Z","2016-02-16T07:53Z",2,1.12,"1 point",0.16,"-",0.00,0.00,0.00,0.07,0.00,0.00,0.07,0.02,1.39,0,
"31dbe643-2793-44e3-8493-146a0ab47d5c","44ec0fe2-8358-4b49-aeeb-efb706145ab1","D10","ARIK","ARIK.AOS.discharge","HSCHARTEL","2016-02-16T07:53Z","2016-02-16T07:53Z",20,3.35,"1 point",0.07,"-",0.00,0.00,0.00,0.05,0.00,0.00,0.05,0.01,0.78,0,
"63bc8584-b6f4-4912-b110-8483160f8d1c","44ec0fe2-8358-4b49-aeeb-efb706145ab1","D10","ARIK","ARIK.AOS.discharge","HSCHARTEL","2016-02-16T07:53Z","2016-02-16T07:53Z",14,2.56,"1 point",0.28,"-",0.00,0.00,0.00,0.27,0.00,0.00,0.27,0.03,9.19,0,
"fbf82917-62a9-4395-b5e6-0bde129286d7","44ec0fe2-8358-4b49-aeeb-efb706145ab1","D10","ARIK","ARIK.AOS.discharge","HSCHARTEL","2016-02-16T07:53Z","2016-02-16T07:53Z",8,1.84,"1 point",0.33,"-",0.00,0.00,0.00,0.16,0.00,0.00,0.16,0.04,6.46,0,
"6e55c3ba-db52-47d7-b792-558c0f9a8f20","44ec0fe2-8358-4b49-aeeb-efb706145ab1","D10","ARIK","ARIK.AOS.discharge","HSCHARTEL","2016-02-16T07:53Z","2016-02-16T07:53Z",11,2.20,"1 point",0.32,"-",0.00,0.00,0.00,0.22,0.00,0.00,0.22,0.04,8.50,0,
"f27b635b-0c5d-46ed-b933-997f28ed5d03","44ec0fe2-8358-4b49-aeeb-efb706145ab1","D10","ARIK","ARIK.AOS.discharge","HSCHARTEL","2016-02-16T07:53Z","2016-02-16T07:53Z",19,3.14,"1 point",0.08,"-",0.00,0.00,0.00,0.00,0.00,0.00,0.00,0.01,-0.04,0,
"8a11d8a2-9f8b-4c62-8c17-319a50698dc7","44ec0fe2-8358-4b49-aeeb-efb706145ab1","D10","ARIK","ARIK.AOS.discharge","HSCHARTEL","2016-02-16T07:53Z","2016-02-16T07:53Z",15,2.68,"1 point",0.24,"-",0.00,0.00,0.00,0.26,0.00,0.00,0.26,0.03,6.94,0,
"488fd966-9c56-4b2b-8e58-c8af3d3a3848","44ec0fe2-8358-4b49-aeeb-efb706145ab1","D10","ARIK","ARIK.AOS.discharge","HSCHARTEL","2016-02-16T07:53Z","2016-02-16T07:53Z",17,2.90,"1 point",0.16,"-",0.00,0.00,0.00,0.09,0.00,0.00,0.09,0.02,1.76,0,
"897b3ee5-55b9-461b-b991-116015386e70","44ec0fe2-8358-4b49-aeeb-efb706145ab1","D10","ARIK","ARIK.AOS.discharge","HSCHARTEL","2016-02-16T07:53Z","2016-02-16T07:53Z",18,3.02,"1 point",0.12,"-",0.00,0.00,0.00,0.01,0.00,0.00,0.01,0.01,0.10,0,
"3df1ad04-ae97-4f14-b26b-6c3ff5a65e22","44ec0fe2-8358-4b49-aeeb-efb706145ab1","D10","ARIK","ARIK.AOS.discharge","HSCHARTEL","2016-02-16T07:53Z","2016-02-16T07:53Z",5,1.48,"1 point",0.24,"-",0.00,0.00,0.00,0.12,0.00,0.00,0.12,0.03,3.49,0,
"541c540f-e4b4-44e8-b43b-6caaff201b01","44ec0fe2-8358-4b49-aeeb-efb706145ab1","D10","ARIK","ARIK.AOS.discharge","HSCHARTEL","2016-02-16T07:53Z","2016-02-16T07:53Z",10,2.08,"1 point",0.34,"-",0.00,0.00,0.00,0.20,0.00,0.00,0.20,0.04,8.40,0,
"e930843b-80cf-4793-ba15-daef307bf549","44ec0fe2-8358-4b49-aeeb-efb706145ab1","D10","ARIK","ARIK.AOS.discharge","HSCHARTEL","2016-02-16T07:53Z","2016-02-16T07:53Z",6,1.60,"1 point",0.30,"-",0.00,0.00,0.00,0.25,0.00,0.00,0.25,0.04,8.95,0,
"1463f319-c6e1-45b3-9130-95389bd5c843","44ec0fe2-8358-4b49-aeeb-efb706145ab1","D10","ARIK","ARIK.AOS.discharge","HSCHARTEL","2016-02-16T07:53Z","2016-02-16T07:53Z",16,2.78,"1 point",0.18,"-",0.00,0.00,0.00,0.28,0.00,0.00,0.28,0.02,5.50,0,
"539a8bbe-f840-4301-ba6e-6ce6e6b42df7","44ec0fe2-8358-4b49-aeeb-efb706145ab1","D10","ARIK","ARIK.AOS.discharge","HSCHARTEL","2016-02-16T07:53Z","2016-02-16T07:53Z",13,2.44,"1 point",0.28,"-",0.00,0.00,0.00,0.26,0.00,0.00,0.26,0.03,8.93,0,
"c9622904-a337-466f-a2ff-8d87116fcaf3","44ec0fe2-8358-4b49-aeeb-efb706145ab1","D10","ARIK","ARIK.AOS.discharge","HSCHARTEL","2016-02-16T07:53Z","2016-02-16T07:53Z",4,1.36,"1 point",0.21,"-",0.00,0.00,0.00,0.07,0.00,0.00,0.07,0.02,1.70,0,
"d6b05b3f-25a6-4fff-be27-28b18be384de","44ec0fe2-8358-4b49-aeeb-efb706145ab1","D10","ARIK","ARIK.AOS.discharge","HSCHARTEL","2016-02-16T07:53Z","2016-02-16T07:53Z",3,1.24,"1 point",0.18,"-",0.00,0.00,0.00,0.15,0.00,0.00,0.15,0.02,3.27,0,
"11880adc-f635-40a6-b584-548e8f4d3b4f","44ec0fe2-8358-4b49-aeeb-efb706145ab1","D10","ARIK","ARIK.AOS.discharge","HSCHARTEL","2016-02-16T07:53Z","2016-02-16T07:53Z",1,1.00,"0 point",0.00,"-",0.00,0.00,0.00,0.00,0.00,0.00,0.00,0.00,0.00,0,
"5231b73f-0f55-4efd-84fd-cd523baad797","44ec0fe2-8358-4b49-aeeb-efb706145ab1","D10","ARIK","ARIK.AOS.discharge","HSCHARTEL","2016-02-16T07:53Z","2016-02-16T07:53Z",7,1.72,"1 point",0.31,"-",0.00,0.00,0.00,0.24,0.00,0.00,0.24,0.04,9.04,0,
"bec12a90-f06e-405d-85c5-4b620f111fa4","44ec0fe2-8358-4b49-aeeb-efb706145ab1","D10","ARIK","ARIK.AOS.discharge","HSCHARTEL","2016-02-16T07:53Z","2016-02-16T07:53Z",21,3.55,"1 point",0.00,"-",0.00,0.00,0.00,0.00,0.00,0.00,0.00,0.00,0.00,0,
