uid,recorduid,domainID,siteID,namedLocation,collectedBy,startDate,collectDate,stationNumber,tapeDistance,streamProfilingMethod,waterDepth,edgeFactor,surfaceVelocity,oneFifthDepthVelocity,twoFifthDepthVelocity,threeFifthDepthVelocity,fourFifthDepthVelocity,bedVelocity,averageVelocity,sectionArea,sectionFlow,lowVelocityQF,dataQF
"63c21cc5-cd04-4285-a1eb-df7975d440b9","b1e7764a-2b48-44af-bf79-cbd289d7d38e","D10","ARIK","ARIK.AOS.discharge","HSCHARTEL","2014-12-02T07:44Z","2014-12-02T07:44Z",16,2.90,"1 point",0.31,"-",0.00,0.00,0.00,0.13,0.00,0.00,0.13,0.03,4.05,0,
"ab423f53-2667-444d-afc6-4ce8c1ab907f","b1e7764a-2b48-44af-bf79-cbd289d7d38e","D10","ARIK","ARIK.AOS.discharge","HSCHARTEL","2014-12-02T07:44Z","2014-12-02T07:44Z",15,2.80,"1 point",0.34,"-",0.00,0.00,0.00,0.02,0.00,0.00,0.02,0.05,1.00,0,
"e264a67f-63ea-4801-bc6e-93765160e9f6","b1e7764a-2b48-44af-bf79-cbd289d7d38e","D10","ARIK","ARIK.AOS.discharge","HSCHARTEL","2014-12-02T07:44Z","2014-12-02T07:44Z",18,3.10,"1 point",0.22,"-",0.00,0.00,0.00,0.12,0.00,0.00,0.12,0.02,2.61,0,
"a21399d1-0d78-4b57-87d0-2596e9d13a74","b1e7764a-2b48-44af-bf79-cbd289d7d38e","D10","ARIK","ARIK.AOS.discharge","HSCHARTEL","2014-12-02T07:44Z","2014-12-02T07:44Z",9,2.10,"1 point",0.34,"-",0.00,0.00,0.00,0.10,0.00,0.00,0.10,0.03,3.39,0,
"06cb330f-cb73-4cc3-9aaa-6c6cef491cab","b1e7764a-2b48-44af-bf79-cbd289d7d38e","D10","ARIK","ARIK.AOS.discharge","HSCHARTEL","2014-12-02T07:44Z","2014-12-02T07:44Z",21,3.40,"1 point",0.14,"-",0.00,0.00,0.00,0.02,0.00,0.00,0.02,0.01,0.34,0,
"f96505c7-069d-4b39-b795-0be573b5b13e","b1e7764a-2b48-44af-bf79-cbd289d7d38e","D10","ARIK","ARIK.AOS.discharge","HSCHARTEL","2014-12-02T07:44Z","2014-12-02T07:44Z",19,3.20,"1 point",0.18,"-",0.00,0.00,0.00,0.05,0.00,0.00,0.05,0.02,0.91,0,
"197e2d4a-afcc-4871-8692-5192073abab8","b1e7764a-2b48-44af-bf79-cbd289d7d38e","D10","ARIK","ARIK.AOS.discharge","HSCHARTEL","2014-12-02T07:44Z","2014-12-02T07:44Z",2,1.40,"1 point",0.05,"-",0.00,0.00,0.00,0.00,0.00,0.00,0.00,0.00,0.00,0,
"8756ea38-ae02-4c56-8ad3-6669e3306ced","b1e7764a-2b48-44af-bf79-cbd289d7d38e","D10","ARIK","ARIK.AOS.discharge","HSCHARTEL","2014-12-02T07:44Z","2014-12-02T07:44Z",12,2.40,"1 point",0.36,"-",0.00,0.00,0.00,0.05,0.00,0.00,0.05,0.04,1.87,0,
"ef6834c8-cfe5-4d9e-94a0-28f53b649853","b1e7764a-2b48-44af-bf79-cbd289d7d38e","D10","ARIK","ARIK.AOS.discharge","HSCHARTEL","2014-12-02T07:44Z","2014-12-02T07:44Z",22,3.50,"1 point",0.12,"-",0.00,0.00,0.00,0.02,0.00,0.00,0.02,0.01,0.21,0,
"417bb2f3-995e-4fb4-82f5-273e6ca4254a","b1e7764a-2b48-44af-bf79-cbd289d7d38e","D10","ARIK","ARIK.AOS.discharge","HSCHARTEL","2014-12-02T07:44Z","2014-12-02T07:44Z",7,1.90,"1 point",0.31,"-",0.00,0.00,0.00,0.10,0.00,0.00,0.10,0.03,2.98,0,
"2eb4eb0d-82d6-4989-b772-90f27528249f","b1e7764a-2b48-44af-bf79-cbd289d7d38e","D10","ARIK","ARIK.AOS.discharge","HSCHARTEL","2014-12-02T07:44Z","2014-12-02T07:44Z",23,3.60,"1 point",0.10,"-",0.00,0.00,0.00,0.02,0.00,0.00,0.02,0.01,0.23,0,
"32e1c25f-80f3-41dc-b1c3-493751da9e59","b1e7764a-2b48-44af-bf79-cbd289d7d38e","D10","ARIK","ARIK.AOS.discharge","HSCHARTEL","2014-12-02T07:44Z","2014-12-02T07:44Z",5,1.70,"1 point",0.27,"-",0.00,0.00,0.00,0.05,0.00,0.00,0.05,0.03,1.29,0,
"6663c259-4180-46aa-adf0-317b212c0a95","b1e7764a-2b48-44af-bf79-cbd289d7d38e","D10","ARIK","ARIK.AOS.discharge","HSCHARTEL","2014-12-02T07:44Z","2014-12-02T07:44Z",17,3.00,"1 point",0.26,"-",0.00,0.00,0.00,0.13,0.00,0.00,0.13,0.03,3.33,0,
"ea89a5e7-13e5-4259-a778-52266aad200b","b1e7764a-2b48-44af-bf79-cbd289d7d38e","D10","ARIK","ARIK.AOS.discharge","HSCHARTEL","2014-12-02T07:44Z","2014-12-02T07:44Z",11,2.30,"1 point",0.35,"-",0.00,0.00,0.00,0.03,0.00,0.00,0.03,0.03,0.98,0,
"94df4117-cb94-4788-a379-991c9ba4d303","b1e7764a-2b48-44af-bf79-cbd289d7d38e","D10","ARIK","ARIK.AOS.discharge","HSCHARTEL","2014-12-02T07:44Z","2014-12-02T07:44Z",4,1.60,"1 point",0.22,"-",0.00,0.00,0.00,0.02,0.00,0.00,0.02,0.02,0.49,0,
"0964e773-e745-444c-a51f-c8c5cff3fe77","b1e7764a-2b48-44af-bf79-cbd289d7d38e","D10","ARIK","ARIK.AOS.discharge","HSCHARTEL","2014-12-02T07:44Z","2014-12-02T07:44Z",1,1.30,"0 point",0.00,"-",0.00,0.00,0.00,0.00,0.00,0.00,0.00,0.00,0.00,0,
"8872aba9-97e3-433a-b0ae-1dd76c6b9256","b1e7764a-2b48-44af-bf79-cbd289d7d38e","D10","ARIK","ARIK.AOS.discharge","HSCHARTEL","2014-12-02T07:44Z","2014-12-02T07:44Z",14,2.60,"1 point",0.36,"-",0.00,0.00,0.00,0.04,0.00,0.00,0.04,0.05,2.32,0,
"f6a1f438-a1bb-4c72-b4ce-6eaec68f3cf4","b1e7764a-2b48-44af-bf79-cbd289d7d38e","D10","ARIK","ARIK.AOS.discharge","HSCHARTEL","2014-12-02T07:44Z","2014-12-02T07:44Z",3,1.50,"1 point",0.12,"-",0.00,0.00,0.00,0.01,0.00,0.00,0.01,0.01,0.18,0,
"5b534de0-de5e-4613-bdfb-5ca67f355b1b","b1e7764a-2b48-44af-bf79-cbd289d7d38e","D10","ARIK","ARIK.AOS.discharge","HSCHARTEL","2014-12-02T07:44Z","2014-12-02T07:44Z",8,2.00,"1 point",0.32,"-",0.00,0.00,0.00,0.10,0.00,0.00,0.10,0.03,3.10,0,
"c9ea5e50-751a-4814-88a8-ef72f2fe4bda","b1e7764a-2b48-44af-bf79-cbd289d7d38e","D10","ARIK","ARIK.AOS.discharge","HSCHARTEL","2014-12-02T07:44Z","2014-12-02T07:44Z",20,3.30,"1 point",0.14,"-",0.00,0.00,0.00,0.02,0.00,0.00,0.02,0.01,0.36,0,
"3ef07ed4-5e0d-4058-b9de-c24559d6dc90","b1e7764a-2b48-44af-bf79-cbd289d7d38e","D10","ARIK","ARIK.AOS.discharge","HSCHARTEL","2014-12-02T07:44Z","2014-12-02T07:44Z",27,4.00,"0 point",0.00,"-",0.00,0.00,0.00,0.00,0.00,0.00,0.00,0.00,0.00,0,
"6b8a59f8-e41f-45e7-86c8-610369a92412","b1e7764a-2b48-44af-bf79-cbd289d7d38e","D10","ARIK","ARIK.AOS.discharge","HSCHARTEL","2014-12-02T07:44Z","2014-12-02T07:44Z",13,2.50,"1 point",0.36,"-",0.00,0.00,0.00,0.04,0.00,0.00,0.04,0.04,1.59,0,
"10989e76-da4b-42f5-a65c-70f9c9f542a7","b1e7764a-2b48-44af-bf79-cbd289d7d38e","D10","ARIK","ARIK.AOS.discharge","HSCHARTEL","2014-12-02T07:44Z","2014-12-02T07:44Z",25,3.80,"1 point",0.08,"-",0.00,0.00,0.00,0.02,0.00,0.00,0.02,0.01,0.13,0,
"2fd86a6b-d53b-423b-9751-4f72d09b8689","b1e7764a-2b48-44af-bf79-cbd289d7d38e","D10","ARIK","ARIK.AOS.discharge","HSCHARTEL","2014-12-02T07:44Z","2014-12-02T07:44Z",24,3.70,"1 point",0.08,"-",0.00,0.00,0.00,0.02,0.00,0.00,0.02,0.01,0.19,0,
"46f13be9-f8f3-4eb0-a158-b371b9769750","b1e7764a-2b48-44af-bf79-cbd289d7d38e","D10","ARIK","ARIK.AOS.discharge","HSCHARTEL","2014-12-02T07:44Z","2014-12-02T07:44Z",26,3.90,"1 point",0.06,"-",0.00,0.00,0.00,0.02,0.00,0.00,0.02,0.01,0.11,0,
"c801c87c-80a4-44b6-a026-b4f96a0e0f7c","b1e7764a-2b48-44af-bf79-cbd289d7d38e","D10","ARIK","ARIK.AOS.discharge","HSCHARTEL","2014-12-02T07:44Z","2014-12-02T07:44Z",10,2.20,"1 point",0.36,"-",0.00,0.00,0.00,0.02,0.00,0.00,0.02,0.04,0.71,0,
"13f95eb5-a9bc-46dc-af20-9bc4c4b12ee7","b1e7764a-2b48-44af-bf79-cbd289d7d38e","D10","ARIK","ARIK.AOS.discharge","HSCHARTEL","2014-12-02T07:44Z","2014-12-02T07:44Z",6,1.80,"1 point",0.28,"-",0.00,0.00,0.00,0.07,0.00,0.00,0.07,0.03,1.99,0,
