uid,recorduid,domainID,siteID,namedLocation,collectedBy,startDate,collectDate,stationNumber,tapeDistance,streamProfilingMethod,waterDepth,edgeFactor,surfaceVelocity,oneFifthDepthVelocity,twoFifthDepthVelocity,threeFifthDepthVelocity,fourFifthDepthVelocity,bedVelocity,averageVelocity,sectionArea,sectionFlow,lowVelocityQF,dataQF
"443b4d5e-94b4-42c4-96c5-d315297a0c15","f56834ef-9cee-44ef-86b6-d65827c4fa8c","D10","ARIK","ARIK.AOS.discharge","AKARAM","2014-08-05T16:29Z","2014-08-05T16:29Z",9,2.50,"1 point",0.14,"-",0.00,0.00,0.00,0.00,0.00,0.00,0.00,0.01,0.07,0,
"79a43422-bef9-45ed-8f06-4c95b429c046","f56834ef-9cee-44ef-86b6-d65827c4fa8c","D10","ARIK","ARIK.AOS.discharge","AKARAM","2014-08-05T16:29Z","2014-08-05T16:29Z",15,3.20,"1 point",0.00,"-",0.00,0.00,0.00,0.00,0.00,0.00,0.00,0.00,0.00,0,
"573eeae2-a076-4af9-a06d-69838c62417f","f56834ef-9cee-44ef-86b6-d65827c4fa8c","D10","ARIK","ARIK.AOS.discharge","AKARAM","2014-08-05T16:29Z","2014-08-05T16:29Z",6,2.20,"1 point",0.14,"-",0.00,0.00,0.00,0.00,0.00,0.00,0.00,0.01,0.06,0,
"dfad388f-c78e-4f25-9057-410c36575688","f56834ef-9cee-44ef-86b6-d65827c4fa8c","D10","ARIK","ARIK.AOS.discharge","AKARAM","2014-08-05T16:29Z","2014-08-05T16:29Z",12,2.80,"1 point",0.12,"-",0.00,0.00,0.00,0.00,0.00,0.00,0.00,0.01,0.01,0,
"4094e8ad-8217-4721-a196-d843b40c54e4","f56834ef-9cee-44ef-86b6-d65827c4fa8c","D10","ARIK","ARIK.AOS.discharge","AKARAM","2014-08-05T16:29Z","2014-08-05T16:29Z",10,2.60,"1 point",0.14,"-",0.00,0.00,0.00,0.00,0.00,0.00,0.00,0.01,0.05,0,
"9f0ebd75-3fd5-40b9-bdde-97b2c0c47b88","f56834ef-9cee-44ef-86b6-d65827c4fa8c","D10","ARIK","ARIK.AOS.discharge","AKARAM","2014-08-05T16:29Z","2014-08-05T16:29Z",4,2.00,"1 point",0.08,"-",0.00,0.00,0.00,0.00,0.00,0.00,0.00,0.01,0.00,0,
"3a688ed8-f16a-4bd4-952f-0c649348da65","f56834ef-9cee-44ef-86b6-d65827c4fa8c","D10","ARIK","ARIK.AOS.discharge","AKARAM","2014-08-05T16:29Z","2014-08-05T16:29Z",3,1.90,"1 point",0.02,"-",0.00,0.00,0.00,-0.01,0.00,0.00,-0.01,0.00,-0.01,1,
"89e1bebb-77f5-4bba-9f60-282c0df3e8e2","f56834ef-9cee-44ef-86b6-d65827c4fa8c","D10","ARIK","ARIK.AOS.discharge","AKARAM","2014-08-05T16:29Z","2014-08-05T16:29Z",2,1.80,"1 point",0.02,"-",0.00,0.00,0.00,0.00,0.00,0.00,0.00,0.00,0.00,0,
"b7f5c36b-223a-4def-ac86-2fbf2b08ecae","f56834ef-9cee-44ef-86b6-d65827c4fa8c","D10","ARIK","ARIK.AOS.discharge","AKARAM","2014-08-05T16:29Z","2014-08-05T16:29Z",11,2.70,"1 point",0.14,"-",0.00,0.00,0.00,0.00,0.00,0.00,0.00,0.01,0.01,0,
"2f2bf67f-0add-426e-8edb-bcc6435c6adc","f56834ef-9cee-44ef-86b6-d65827c4fa8c","D10","ARIK","ARIK.AOS.discharge","AKARAM","2014-08-05T16:29Z","2014-08-05T16:29Z",7,2.30,"1 point",0.13,"-",0.00,0.00,0.00,0.00,0.00,0.00,0.00,0.01,0.02,0,
"3a46764d-2bb7-41a1-915a-b7a86742c9da","f56834ef-9cee-44ef-86b6-d65827c4fa8c","D10","ARIK","ARIK.AOS.discharge","AKARAM","2014-08-05T16:29Z","2014-08-05T16:29Z",13,2.90,"1 point",0.10,"-",0.00,0.00,0.00,0.00,0.00,0.00,0.00,0.01,0.03,0,
"080de98a-bfeb-4370-88e8-d2bdf97a82d2","f56834ef-9cee-44ef-86b6-d65827c4fa8c","D10","ARIK","ARIK.AOS.discharge","AKARAM","2014-08-05T16:29Z","2014-08-05T16:29Z",8,2.40,"1 point",0.12,"-",0.00,0.00,0.00,0.00,0.00,0.00,0.00,0.01,0.05,0,
"614ff118-4099-4b3c-93e5-fc0ca2ab9990","f56834ef-9cee-44ef-86b6-d65827c4fa8c","D10","ARIK","ARIK.AOS.discharge","AKARAM","2014-08-05T16:29Z","2014-08-05T16:29Z",14,3.00,"1 point",0.08,"-",0.00,0.00,0.00,0.00,0.00,0.00,0.00,0.01,0.04,0,
"73e50f3e-02f6-45e7-ad89-17fa6ac0c2bf","f56834ef-9cee-44ef-86b6-d65827c4fa8c","D10","ARIK","ARIK.AOS.discharge","AKARAM","2014-08-05T16:29Z","2014-08-05T16:29Z",1,1.70,"0 point",0.00,"-",0.00,0.00,0.00,0.00,0.00,0.00,0.00,0.00,0.00,0,
"92cf0b46-07b1-49a3-8b9d-2d8375c1f610","f56834ef-9cee-44ef-86b6-d65827c4fa8c","D10","ARIK","ARIK.AOS.discharge","AKARAM","2014-08-05T16:29Z","2014-08-05T16:29Z",5,2.10,"1 point",0.12,"-",0.00,0.00,0.00,0.00,0.00,0.00,0.00,0.01,0.03,0,
"165cb443-d7b6-4168-8295-4d8933ed626b","6d173e3d-b4fe-4b2c-b6b3-f1b9f51b43d6","D10","ARIK","ARIK.AOS.discharge","AKARAM","2014-08-12T15:01Z","2014-08-12T15:01Z",13,3.40,"1 point",0.05,"-",0.00,0.00,0.00,0.00,0.00,0.00,0.00,0.00,0.01,0,
"d38bb1be-747e-4cd9-8f2c-6e18eb0eaa8e","6d173e3d-b4fe-4b2c-b6b3-f1b9f51b43d6","D10","ARIK","ARIK.AOS.discharge","AKARAM","2014-08-12T15:01Z","2014-08-12T15:01Z",3,2.40,"1 point",0.08,"-",0.00,0.00,0.00,0.00,0.00,0.00,0.00,0.01,0.01,0,
"c8df9e75-ffa3-4c10-8483-9cfe25b8fde0","6d173e3d-b4fe-4b2c-b6b3-f1b9f51b43d6","D10","ARIK","ARIK.AOS.discharge","AKARAM","2014-08-12T15:01Z","2014-08-12T15:01Z",6,2.70,"1 point",0.10,"-",0.00,0.00,0.00,0.00,0.00,0.00,0.00,0.01,0.02,0,
"2280f061-105f-48e8-88c7-9724a07576ec","6d173e3d-b4fe-4b2c-b6b3-f1b9f51b43d6","D10","ARIK","ARIK.AOS.discharge","AKARAM","2014-08-12T15:01Z","2014-08-12T15:01Z",8,2.90,"1 point",0.10,"-",0.00,0.00,0.00,0.00,0.00,0.00,0.00,0.01,0.03,0,
"8aa8e1d1-63e8-4fc3-95fd-4bc72b2ee698","6d173e3d-b4fe-4b2c-b6b3-f1b9f51b43d6","D10","ARIK","ARIK.AOS.discharge","AKARAM","2014-08-12T15:01Z","2014-08-12T15:01Z",1,2.20,"0 point",0.00,"-",0.00,0.00,0.00,0.00,0.00,0.00,0.00,0.00,0.00,0,
"e1e1ae1d-cb42-40fa-9a1e-a8e87e9387a5","6d173e3d-b4fe-4b2c-b6b3-f1b9f51b43d6","D10","ARIK","ARIK.AOS.discharge","AKARAM","2014-08-12T15:01Z","2014-08-12T15:01Z",5,2.60,"1 point",0.12,"-",0.00,0.00,0.00,0.00,0.00,0.00,0.00,0.01,0.04,0,
"41f34d59-5750-446f-b180-327b0cd187d2","6d173e3d-b4fe-4b2c-b6b3-f1b9f51b43d6","D10","ARIK","ARIK.AOS.discharge","AKARAM","2014-08-12T15:01Z","2014-08-12T15:01Z",9,3.00,"1 point",0.12,"-",0.00,0.00,0.00,0.00,0.00,0.00,0.00,0.01,0.04,0,
"a437d889-cb26-4f74-b4e5-02bf56ed5ae8","6d173e3d-b4fe-4b2c-b6b3-f1b9f51b43d6","D10","ARIK","ARIK.AOS.discharge","AKARAM","2014-08-12T15:01Z","2014-08-12T15:01Z",14,3.50,"0 point",0.00,"-",0.00,0.00,0.00,0.00,0.00,0.00,0.00,0.00,0.00,0,
"5b044a1c-1ea8-4111-8044-ec831f5d727c","6d173e3d-b4fe-4b2c-b6b3-f1b9f51b43d6","D10","ARIK","ARIK.AOS.discharge","AKARAM","2014-08-12T15:01Z","2014-08-12T15:01Z",10,3.10,"1 point",0.12,"-",0.00,0.00,0.00,0.00,0.00,0.00,0.00,0.01,0.02,0,
"bae05ae1-c32c-4456-81c5-d66c9a2eff0f","6d173e3d-b4fe-4b2c-b6b3-f1b9f51b43d6","D10","ARIK","ARIK.AOS.discharge","AKARAM","2014-08-12T15:01Z","2014-08-12T15:01Z",4,2.50,"1 point",0.11,"-",0.00,0.00,0.00,0.00,0.00,0.00,0.00,0.01,0.04,0,
"1f3bfb65-4de5-4fce-8a4d-00c7774a21ba","6d173e3d-b4fe-4b2c-b6b3-f1b9f51b43d6","D10","ARIK","ARIK.AOS.discharge","AKARAM","2014-08-12T15:01Z","2014-08-12T15:01Z",2,2.30,"1 point",0.05,"-",0.00,0.00,0.00,0.00,0.00,0.00,0.00,0.00,0.02,0,
"5bbfcf2b-08fb-42c1-be1a-b4ef7d5ac7a1","6d173e3d-b4fe-4b2c-b6b3-f1b9f51b43d6","D10","ARIK","ARIK.AOS.discharge","AKARAM","2014-08-12T15:01Z","2014-08-12T15:01Z",11,3.20,"1 point",0.10,"-",0.00,0.00,0.00,0.00,0.00,0.00,0.00,0.01,0.03,0,
"3c4dfbe5-1fdb-4ba3-b47d-639b9da73503","6d173e3d-b4fe-4b2c-b6b3-f1b9f51b43d6","D10","ARIK","ARIK.AOS.discharge","AKARAM","2014-08-12T15:01Z","2014-08-12T15:01Z",7,2.80,"1 point",0.10,"-",0.00,0.00,0.00,0.00,0.00,0.00,0.00,0.01,0.00,0,
"9c2f4fd9-d5af-44ba-93d8-fcbd291bcc3a","6d173e3d-b4fe-4b2c-b6b3-f1b9f51b43d6","D10","ARIK","ARIK.AOS.discharge","AKARAM","2014-08-12T15:01Z","2014-08-12T15:01Z",12,3.30,"1 point",0.06,"-",0.00,0.00,0.00,0.00,0.00,0.00,0.00,0.00,0.01,0,
