uid,recorduid,domainID,siteID,namedLocation,collectedBy,startDate,collectDate,stationNumber,tapeDistance,streamProfilingMethod,waterDepth,edgeFactor,surfaceVelocity,oneFifthDepthVelocity,twoFifthDepthVelocity,threeFifthDepthVelocity,fourFifthDepthVelocity,bedVelocity,averageVelocity,sectionArea,sectionFlow,lowVelocityQF,dataQF
"d49e2986-d51b-4301-9f7f-2cc3ef6d1743","19b6e3c5-d584-4766-9c16-c3a0cd6d53e0","D10","ARIK","ARIK.AOS.discharge","LZARRI","2014-09-02T17:44Z","2014-09-02T17:44Z",2,1.90,"1 point",0.04,"-",0.00,0.00,0.00,0.00,0.00,0.00,0.00,0.00,0.01,0,
"17acd44c-a2bf-4df3-a54d-63286eddac57","19b6e3c5-d584-4766-9c16-c3a0cd6d53e0","D10","ARIK","ARIK.AOS.discharge","LZARRI","2014-09-02T17:44Z","2014-09-02T17:44Z",6,2.40,"1 point",0.09,"-",0.00,0.00,0.00,0.00,0.00,0.00,0.00,0.01,-0.02,0,
"60ee1c63-0d29-43b6-9f70-7835815d8ad0","19b6e3c5-d584-4766-9c16-c3a0cd6d53e0","D10","ARIK","ARIK.AOS.discharge","LZARRI","2014-09-02T17:44Z","2014-09-02T17:44Z",7,2.50,"1 point",0.09,"-",0.00,0.00,0.00,0.01,0.00,0.00,0.01,0.01,0.07,0,
"d9f6158b-523d-4793-8b20-ec3aee996c5b","19b6e3c5-d584-4766-9c16-c3a0cd6d53e0","D10","ARIK","ARIK.AOS.discharge","LZARRI","2014-09-02T17:44Z","2014-09-02T17:44Z",1,1.80,"0 point",0.00,"-",0.00,0.00,0.00,0.00,0.00,0.00,0.00,0.00,0.00,0,
"a98d34d6-6a3e-4a35-97f8-7c079b9301cd","19b6e3c5-d584-4766-9c16-c3a0cd6d53e0","D10","ARIK","ARIK.AOS.discharge","LZARRI","2014-09-02T17:44Z","2014-09-02T17:44Z",5,2.30,"1 point",0.08,"-",0.00,0.00,0.00,0.00,0.00,0.00,0.00,0.01,0.04,0,
"40a2774e-79e1-4b01-b51a-779d9de515ad","19b6e3c5-d584-4766-9c16-c3a0cd6d53e0","D10","ARIK","ARIK.AOS.discharge","LZARRI","2014-09-02T17:44Z","2014-09-02T17:44Z",4,2.10,"1 point",0.08,"-",0.00,0.00,0.00,0.00,0.00,0.00,0.00,0.01,0.04,0,
"3dfa4d0c-8baf-44ed-99c2-f1fe84ece595","19b6e3c5-d584-4766-9c16-c3a0cd6d53e0","D10","ARIK","ARIK.AOS.discharge","LZARRI","2014-09-02T17:44Z","2014-09-02T17:44Z",9,2.70,"1 point",0.05,"-",0.00,0.00,0.00,0.00,0.00,0.00,0.00,0.00,0.01,0,
"c36f5553-1c71-4fd8-b332-c3b8643c928c","19b6e3c5-d584-4766-9c16-c3a0cd6d53e0","D10","ARIK","ARIK.AOS.discharge","LZARRI","2014-09-02T17:44Z","2014-09-02T17:44Z",8,2.60,"1 point",0.07,"-",0.00,0.00,0.00,0.00,0.00,0.00,0.00,0.01,0.02,0,
"02be11e5-9583-4bfd-869f-3f96c335eed0","19b6e3c5-d584-4766-9c16-c3a0cd6d53e0","D10","ARIK","ARIK.AOS.discharge","LZARRI","2014-09-02T17:44Z","2014-09-02T17:44Z",10,2.80,"0 point",0.00,"-",0.00,0.00,0.00,0.00,0.00,0.00,0.00,0.00,0.00,0,
"9047d76f-65f8-4c15-bdac-93c37bfa4c3f","19b6e3c5-d584-4766-9c16-c3a0cd6d53e0","D10","ARIK","ARIK.AOS.discharge","LZARRI","2014-09-02T17:44Z","2014-09-02T17:44Z",3,2.00,"1 point",0.08,"-",0.00,0.00,0.00,0.00,0.00,0.00,0.00,0.01,0.01,0,
