uid,recorduid,domainID,siteID,namedLocation,collectedBy,startDate,collectDate,stationNumber,tapeDistance,streamProfilingMethod,waterDepth,edgeFactor,surfaceVelocity,oneFifthDepthVelocity,twoFifthDepthVelocity,threeFifthDepthVelocity,fourFifthDepthVelocity,bedVelocity,averageVelocity,sectionArea,sectionFlow,lowVelocityQF,dataQF
"b6f8e434-38cc-4be8-adbe-064328d85045","2a7f6184-e186-49fb-b4b5-bbdbc700e939","D10","ARIK","ARIK.AOS.discharge","RLEHRTER","2018-09-04T17:55Z","2018-09-04T17:55Z",12,1.30,"1 point",0.16,"-",0.00,0.00,0.00,0.01,0.00,0.00,0.01,0.01,0.06,1,
"b549724d-e47f-4a93-84d6-414d045a155b","2a7f6184-e186-49fb-b4b5-bbdbc700e939","D10","ARIK","ARIK.AOS.discharge","RLEHRTER","2018-09-04T17:55Z","2018-09-04T17:55Z",10,1.20,"1 point",0.16,"-",0.00,0.00,0.00,0.01,0.00,0.00,0.01,0.01,0.13,0,
"8737abd6-756e-4c21-bc9b-1be6def1c1e4","2a7f6184-e186-49fb-b4b5-bbdbc700e939","D10","ARIK","ARIK.AOS.discharge","RLEHRTER","2018-09-04T17:55Z","2018-09-04T17:55Z",14,1.40,"1 point",0.18,"-",0.00,0.00,0.00,0.01,0.00,0.00,0.01,0.01,0.11,1,
"c905427e-da35-4142-8bf4-c7027e137aba","2a7f6184-e186-49fb-b4b5-bbdbc700e939","D10","ARIK","ARIK.AOS.discharge","RLEHRTER","2018-09-04T17:55Z","2018-09-04T17:55Z",21,2.10,"1 point",0.08,"-",0.00,0.00,0.00,0.01,0.00,0.00,0.01,0.09,0.79,1,
"4f124fd0-e6d9-4f56-9685-4de0c295b8e9","2a7f6184-e186-49fb-b4b5-bbdbc700e939","D10","ARIK","ARIK.AOS.discharge","RLEHRTER","2018-09-04T17:55Z","2018-09-04T17:55Z",16,1.60,"1 point",0.14,"-",0.00,0.00,0.00,0.02,0.00,0.00,0.02,0.01,0.21,0,
"ecb8dad2-e802-4270-b775-2c69dad343a8","2a7f6184-e186-49fb-b4b5-bbdbc700e939","D10","ARIK","ARIK.AOS.discharge","RLEHRTER","2018-09-04T17:55Z","2018-09-04T17:55Z",7,0.90,"1 point",0.13,"-",0.00,0.00,0.00,0.01,0.00,0.00,0.01,0.01,0.09,1,
"76022658-4817-43f5-9c32-036a2a8a5a10","2a7f6184-e186-49fb-b4b5-bbdbc700e939","D10","ARIK","ARIK.AOS.discharge","RLEHRTER","2018-09-04T17:55Z","2018-09-04T17:55Z",17,1.70,"1 point",0.14,"-",0.00,0.00,0.00,0.02,0.00,0.00,0.02,0.01,0.21,0,
"ce2c61a0-9e85-4540-b96d-6caa97e07d68","2a7f6184-e186-49fb-b4b5-bbdbc700e939","D10","ARIK","ARIK.AOS.discharge","RLEHRTER","2018-09-04T17:55Z","2018-09-04T17:55Z",2,0.40,"1 point",0.06,"-",0.00,0.00,0.00,0.02,0.00,0.00,0.02,0.01,0.13,0,
"fe8e072a-ce90-4aaa-953e-8a616cc6ba42","2a7f6184-e186-49fb-b4b5-bbdbc700e939","D10","ARIK","ARIK.AOS.discharge","RLEHRTER","2018-09-04T17:55Z","2018-09-04T17:55Z",5,0.70,"1 point",0.12,"-",0.00,0.00,0.00,0.01,0.00,0.00,0.01,0.01,0.16,0,
"d2e3bb25-637a-4213-b40f-d1fe08f34fc4","2a7f6184-e186-49fb-b4b5-bbdbc700e939","D10","ARIK","ARIK.AOS.discharge","RLEHRTER","2018-09-04T17:55Z","2018-09-04T17:55Z",18,1.80,"1 point",0.14,"-",0.00,0.00,0.00,0.01,0.00,0.00,0.01,0.01,0.14,0,
"be2979fb-625e-4784-ad3d-4957eab918b7","2a7f6184-e186-49fb-b4b5-bbdbc700e939","D10","ARIK","ARIK.AOS.discharge","RLEHRTER","2018-09-04T17:55Z","2018-09-04T17:55Z",4,0.60,"1 point",0.12,"-",0.00,0.00,0.00,0.01,0.00,0.00,0.01,0.01,0.16,0,
"313d82d2-cabd-4228-a957-885541b2da8d","2a7f6184-e186-49fb-b4b5-bbdbc700e939","D10","ARIK","ARIK.AOS.discharge","RLEHRTER","2018-09-04T17:55Z","2018-09-04T17:55Z",15,1.50,"1 point",0.16,"-",0.00,0.00,0.00,0.03,0.00,0.00,0.03,0.02,0.46,0,
"5340ceb9-839c-43dd-a930-61db74fcc90c","2a7f6184-e186-49fb-b4b5-bbdbc700e939","D10","ARIK","ARIK.AOS.discharge","RLEHRTER","2018-09-04T17:55Z","2018-09-04T17:55Z",3,0.50,"1 point",0.10,"-",0.00,0.00,0.00,0.01,0.00,0.00,0.01,0.01,0.08,1,
"f8229d24-a648-422c-b3d3-22754998504f","2a7f6184-e186-49fb-b4b5-bbdbc700e939","D10","ARIK","ARIK.AOS.discharge","RLEHRTER","2018-09-04T17:55Z","2018-09-04T17:55Z",20,2.00,"1 point",0.10,"-",0.00,0.00,0.00,0.02,0.00,0.00,0.02,0.01,0.18,0,
"32b0fbca-8739-43cd-89f7-895a645f894d","2a7f6184-e186-49fb-b4b5-bbdbc700e939","D10","ARIK","ARIK.AOS.discharge","RLEHRTER","2018-09-04T17:55Z","2018-09-04T17:55Z",9,1.10,"1 point",0.16,"-",0.00,0.00,0.00,0.01,0.00,0.00,0.01,0.02,0.09,1,
"bb9cbe89-8f2b-41f1-a3cc-0b70defd4601","2a7f6184-e186-49fb-b4b5-bbdbc700e939","D10","ARIK","ARIK.AOS.discharge","RLEHRTER","2018-09-04T17:55Z","2018-09-04T17:55Z",11,1.25,"1 point",0.16,"-",0.00,0.00,0.00,0.01,0.00,0.00,0.01,0.01,0.09,0,
"d116c4b8-8cf4-4f05-8f6e-47ba1bdf7cda","2a7f6184-e186-49fb-b4b5-bbdbc700e939","D10","ARIK","ARIK.AOS.discharge","RLEHRTER","2018-09-04T17:55Z","2018-09-04T17:55Z",13,1.35,"1 point",0.16,"-",0.00,0.00,0.00,0.01,0.00,0.00,0.01,0.01,0.10,0,
"fa7c90b1-37be-437e-b27c-54790d31c768","2a7f6184-e186-49fb-b4b5-bbdbc700e939","D10","ARIK","ARIK.AOS.discharge","RLEHRTER","2018-09-04T17:55Z","2018-09-04T17:55Z",1,0.30,"0 point",0.00,"-",0.00,0.00,0.00,0.00,0.00,0.00,0.00,0.00,0.00,0,
"764ed944-cd83-4b0a-9265-f8d9c1c40338","2a7f6184-e186-49fb-b4b5-bbdbc700e939","D10","ARIK","ARIK.AOS.discharge","RLEHRTER","2018-09-04T17:55Z","2018-09-04T17:55Z",8,1.00,"1 point",0.12,"-",0.00,0.00,0.00,0.01,0.00,0.00,0.01,0.01,0.11,1,
"62f72030-ec3a-4c77-a7d3-fa0909748b14","2a7f6184-e186-49fb-b4b5-bbdbc700e939","D10","ARIK","ARIK.AOS.discharge","RLEHRTER","2018-09-04T17:55Z","2018-09-04T17:55Z",6,0.80,"1 point",0.12,"-",0.00,0.00,0.00,0.01,0.00,0.00,0.01,0.01,0.09,1,
"c741f72b-aef7-41b4-a92a-7c4a30701599","2a7f6184-e186-49fb-b4b5-bbdbc700e939","D10","ARIK","ARIK.AOS.discharge","RLEHRTER","2018-09-04T17:55Z","2018-09-04T17:55Z",19,1.90,"1 point",0.12,"-",0.00,0.00,0.00,0.02,0.00,0.00,0.02,0.01,0.19,0,
"ed0cd70f-6766-47e1-ab93-b75257e4df17","3cda595f-7b9d-4c74-95c5-4bafdee70182","D10","ARIK","ARIK.AOS.discharge","RLEHRTER","2018-09-13T17:33Z","2018-09-13T17:33Z",18,0.00,"1 point",0.03,"-",0.00,0.00,0.00,-0.01,0.00,0.00,-0.01,0.05,-0.55,1,
"f9176f54-0c75-452c-8bba-3d49a7920103","3cda595f-7b9d-4c74-95c5-4bafdee70182","D10","ARIK","ARIK.AOS.discharge","RLEHRTER","2018-09-13T17:33Z","2018-09-13T17:33Z",15,1.55,"1 point",0.04,"-",0.00,0.00,0.00,0.02,0.00,0.00,0.02,0.00,0.04,0,
"a2f76f05-5966-4f9f-9606-ec8adc2622b9","3cda595f-7b9d-4c74-95c5-4bafdee70182","D10","ARIK","ARIK.AOS.discharge","RLEHRTER","2018-09-13T17:33Z","2018-09-13T17:33Z",4,0.90,"1 point",0.04,"-",0.00,0.00,0.00,0.02,0.00,0.00,0.02,0.00,0.08,0,
"080edf7e-708b-4154-a65e-a7e8f51f7fcc","3cda595f-7b9d-4c74-95c5-4bafdee70182","D10","ARIK","ARIK.AOS.discharge","RLEHRTER","2018-09-13T17:33Z","2018-09-13T17:33Z",16,1.60,"1 point",0.03,"-",0.00,0.00,0.00,0.01,0.00,0.00,0.01,0.00,0.03,0,
"2903658e-9ab4-45d6-a17c-3c933e43c475","3cda595f-7b9d-4c74-95c5-4bafdee70182","D10","ARIK","ARIK.AOS.discharge","RLEHRTER","2018-09-13T17:33Z","2018-09-13T17:33Z",6,1.10,"1 point",0.03,"-",0.00,0.00,0.00,0.01,0.00,0.00,0.01,0.00,0.02,0,
"2be67f01-9108-4d0a-a43f-12efbe4361a9","3cda595f-7b9d-4c74-95c5-4bafdee70182","D10","ARIK","ARIK.AOS.discharge","RLEHRTER","2018-09-13T17:33Z","2018-09-13T17:33Z",5,1.00,"1 point",0.02,"-",0.00,0.00,0.00,0.01,0.00,0.00,0.01,0.00,0.02,1,
"0ff238d5-2eb4-405f-a2ea-73fc4dc017d7","3cda595f-7b9d-4c74-95c5-4bafdee70182","D10","ARIK","ARIK.AOS.discharge","RLEHRTER","2018-09-13T17:33Z","2018-09-13T17:33Z",2,0.70,"1 point",0.06,"-",0.00,0.00,0.00,0.01,0.00,0.00,0.01,0.01,0.04,1,
"e6f75938-ab21-4e11-8c8c-2c01c9ca73d6","3cda595f-7b9d-4c74-95c5-4bafdee70182","D10","ARIK","ARIK.AOS.discharge","RLEHRTER","2018-09-13T17:33Z","2018-09-13T17:33Z",13,1.45,"1 point",0.04,"-",0.00,0.00,0.00,0.01,0.00,0.00,0.01,0.00,0.01,1,
"2f9c8f1c-794e-4f5c-a84c-04562d55d950","3cda595f-7b9d-4c74-95c5-4bafdee70182","D10","ARIK","ARIK.AOS.discharge","RLEHRTER","2018-09-13T17:33Z","2018-09-13T17:33Z",14,1.50,"1 point",0.04,"-",0.00,0.00,0.00,0.01,0.00,0.00,0.01,0.00,0.01,1,
"9717f627-c163-43a7-af33-59679af31ce4","3cda595f-7b9d-4c74-95c5-4bafdee70182","D10","ARIK","ARIK.AOS.discharge","RLEHRTER","2018-09-13T17:33Z","2018-09-13T17:33Z",19,1.90,"1 point",0.04,"-",0.00,0.00,0.00,0.02,0.00,0.00,0.02,0.04,0.68,0,
"35252fb3-5390-45d8-8155-4cb896ab4d4a","3cda595f-7b9d-4c74-95c5-4bafdee70182","D10","ARIK","ARIK.AOS.discharge","RLEHRTER","2018-09-13T17:33Z","2018-09-13T17:33Z",12,1.40,"1 point",0.04,"-",0.00,0.00,0.00,0.00,0.00,0.00,0.00,0.00,0.01,1,
"b7a225f3-921c-4fd1-8a8a-e0a368a35245","3cda595f-7b9d-4c74-95c5-4bafdee70182","D10","ARIK","ARIK.AOS.discharge","RLEHRTER","2018-09-13T17:33Z","2018-09-13T17:33Z",11,1.35,"1 point",0.04,"-",0.00,0.00,0.00,0.01,0.00,0.00,0.01,0.00,0.01,1,
"588ee3ce-acef-48ec-87f3-51de2009083f","3cda595f-7b9d-4c74-95c5-4bafdee70182","D10","ARIK","ARIK.AOS.discharge","RLEHRTER","2018-09-13T17:33Z","2018-09-13T17:33Z",20,2.00,"0 point",0.00,"-",0.00,0.00,0.00,0.00,0.00,0.00,0.00,0.00,0.00,0,
"b54dd774-3cff-4557-91ff-1095de8a8e55","3cda595f-7b9d-4c74-95c5-4bafdee70182","D10","ARIK","ARIK.AOS.discharge","RLEHRTER","2018-09-13T17:33Z","2018-09-13T17:33Z",1,0.60,"0 point",0.00,"-",0.00,0.00,0.00,0.00,0.00,0.00,0.00,0.00,0.00,0,
"49737418-4761-49b6-a1f8-817742394dd7","3cda595f-7b9d-4c74-95c5-4bafdee70182","D10","ARIK","ARIK.AOS.discharge","RLEHRTER","2018-09-13T17:33Z","2018-09-13T17:33Z",17,1.70,"1 point",0.03,"-",0.00,0.00,0.00,0.02,0.00,0.00,0.02,0.03,0.53,0,
"9f19c0a4-b5bc-4164-95d5-e00187d3c3ac","3cda595f-7b9d-4c74-95c5-4bafdee70182","D10","ARIK","ARIK.AOS.discharge","RLEHRTER","2018-09-13T17:33Z","2018-09-13T17:33Z",7,1.15,"1 point",0.03,"-",0.00,0.00,0.00,0.00,0.00,0.00,0.00,0.00,0.00,1,
"7c465f70-8b31-49a9-bed5-f5475b0f910b","3cda595f-7b9d-4c74-95c5-4bafdee70182","D10","ARIK","ARIK.AOS.discharge","RLEHRTER","2018-09-13T17:33Z","2018-09-13T17:33Z",10,1.30,"1 point",0.04,"-",0.00,0.00,0.00,0.00,0.00,0.00,0.00,0.00,0.00,1,
"11f94e58-5ba7-4ea9-87db-4eba39006d73","3cda595f-7b9d-4c74-95c5-4bafdee70182","D10","ARIK","ARIK.AOS.discharge","RLEHRTER","2018-09-13T17:33Z","2018-09-13T17:33Z",3,0.80,"1 point",0.06,"-",0.00,0.00,0.00,0.01,0.00,0.00,0.01,0.01,0.06,0,
"a91b215f-7391-45bc-864e-0a81485549a5","3cda595f-7b9d-4c74-95c5-4bafdee70182","D10","ARIK","ARIK.AOS.discharge","RLEHRTER","2018-09-13T17:33Z","2018-09-13T17:33Z",8,1.20,"1 point",0.04,"-",0.00,0.00,0.00,0.02,0.00,0.00,0.02,0.00,0.03,0,
"3b1b4187-5875-418c-81e3-cad22ac80fe6","3cda595f-7b9d-4c74-95c5-4bafdee70182","D10","ARIK","ARIK.AOS.discharge","RLEHRTER","2018-09-13T17:33Z","2018-09-13T17:33Z",9,1.25,"1 point",0.04,"-",0.00,0.00,0.00,0.00,0.00,0.00,0.00,0.00,0.00,1,
