uid,recorduid,domainID,siteID,namedLocation,collectedBy,startDate,collectDate,stationNumber,tapeDistance,streamProfilingMethod,waterDepth,edgeFactor,surfaceVelocity,oneFifthDepthVelocity,twoFifthDepthVelocity,threeFifthDepthVelocity,fourFifthDepthVelocity,bedVelocity,averageVelocity,sectionArea,sectionFlow,lowVelocityQF,dataQF
"87ca3e6a-38b5-41df-8353-4ec65614a77d","cabfad1b-8b7d-424a-ade8-6e41ec644ddc","D10","ARIK","ARIK.AOS.discharge","RLEHRTER","2018-07-02T19:43Z","2018-07-02T19:43Z",9,1.50,"1 point",0.28,"-",0.00,0.00,0.00,0.01,0.00,0.00,0.01,0.02,0.30,0,
"03cb67b7-2154-4eea-985f-8f1fd125c8ed","cabfad1b-8b7d-424a-ade8-6e41ec644ddc","D10","ARIK","ARIK.AOS.discharge","RLEHRTER","2018-07-02T19:43Z","2018-07-02T19:43Z",19,2.30,"1 point",0.28,"-",0.00,0.00,0.00,0.02,0.00,0.00,0.02,0.03,0.48,0,
"4f56df9d-8b4c-4b0d-8eea-0bed9c5a258f","cabfad1b-8b7d-424a-ade8-6e41ec644ddc","D10","ARIK","ARIK.AOS.discharge","RLEHRTER","2018-07-02T19:43Z","2018-07-02T19:43Z",12,1.65,"1 point",0.30,"-",0.00,0.00,0.00,0.02,0.00,0.00,0.02,0.01,0.31,0,
"bf4e518d-2c2a-456a-b722-253b87633cb6","cabfad1b-8b7d-424a-ade8-6e41ec644ddc","D10","ARIK","ARIK.AOS.discharge","RLEHRTER","2018-07-02T19:43Z","2018-07-02T19:43Z",24,2.80,"0 point",0.00,"-",0.00,0.00,0.00,0.00,0.00,0.00,0.00,0.00,0.00,0,
"bea8476e-d76e-472d-87f8-be8d934653e3","cabfad1b-8b7d-424a-ade8-6e41ec644ddc","D10","ARIK","ARIK.AOS.discharge","RLEHRTER","2018-07-02T19:43Z","2018-07-02T19:43Z",16,2.00,"1 point",0.32,"-",0.00,0.00,0.00,0.01,0.00,0.00,0.01,0.03,0.46,0,
"6c29b4a8-e0b0-4d7b-a5ab-2d4e7db32fee","cabfad1b-8b7d-424a-ade8-6e41ec644ddc","D10","ARIK","ARIK.AOS.discharge","RLEHRTER","2018-07-02T19:43Z","2018-07-02T19:43Z",3,0.90,"1 point",0.22,"-",0.00,0.00,0.00,0.03,0.00,0.00,0.03,0.02,0.65,0,
"b7f24f6f-1ac0-4392-acc7-eafc4fffda6c","cabfad1b-8b7d-424a-ade8-6e41ec644ddc","D10","ARIK","ARIK.AOS.discharge","RLEHRTER","2018-07-02T19:43Z","2018-07-02T19:43Z",5,1.10,"1 point",0.28,"-",0.00,0.00,0.00,0.02,0.00,0.00,0.02,0.03,0.71,0,
"4d3b06bf-513f-4b5b-86eb-be805efba19a","cabfad1b-8b7d-424a-ade8-6e41ec644ddc","D10","ARIK","ARIK.AOS.discharge","RLEHRTER","2018-07-02T19:43Z","2018-07-02T19:43Z",20,2.40,"1 point",0.28,"-",0.00,0.00,0.00,0.02,0.00,0.00,0.02,0.03,0.48,0,
"69d1d7bb-6ca9-421b-a8a7-3ee64c794440","cabfad1b-8b7d-424a-ade8-6e41ec644ddc","D10","ARIK","ARIK.AOS.discharge","RLEHRTER","2018-07-02T19:43Z","2018-07-02T19:43Z",2,0.80,"1 point",0.10,"-",0.00,0.00,0.00,0.02,0.00,0.00,0.02,0.04,0.72,0,
"77d3090d-f02d-428c-bd53-c4136abaecb5","cabfad1b-8b7d-424a-ade8-6e41ec644ddc","D10","ARIK","ARIK.AOS.discharge","RLEHRTER","2018-07-02T19:43Z","2018-07-02T19:43Z",11,1.60,"1 point",0.30,"-",0.00,0.00,0.00,0.02,0.00,0.00,0.02,0.01,0.31,0,
"8fab69ed-5689-4f4b-807b-aac7fd8e4084","cabfad1b-8b7d-424a-ade8-6e41ec644ddc","D10","ARIK","ARIK.AOS.discharge","RLEHRTER","2018-07-02T19:43Z","2018-07-02T19:43Z",7,1.30,"1 point",0.30,"-",0.00,0.00,0.00,0.02,0.00,0.00,0.02,0.03,0.57,0,
"dc8faff6-9a7b-4541-9086-2e8801e3dbbf","cabfad1b-8b7d-424a-ade8-6e41ec644ddc","D10","ARIK","ARIK.AOS.discharge","RLEHRTER","2018-07-02T19:43Z","2018-07-02T19:43Z",15,1.90,"1 point",0.32,"-",0.00,0.00,0.00,0.02,0.00,0.00,0.02,0.03,0.64,0,
"a7e74d9b-b915-4b6a-b220-c4784f38c50d","cabfad1b-8b7d-424a-ade8-6e41ec644ddc","D10","ARIK","ARIK.AOS.discharge","RLEHRTER","2018-07-02T19:43Z","2018-07-02T19:43Z",14,1.80,"1 point",0.32,"-",0.00,0.00,0.00,0.02,0.00,0.00,0.02,0.03,0.58,0,
"c68be080-49b6-422c-8764-2f0749493001","cabfad1b-8b7d-424a-ade8-6e41ec644ddc","D10","ARIK","ARIK.AOS.discharge","RLEHRTER","2018-07-02T19:43Z","2018-07-02T19:43Z",4,1.00,"1 point",0.27,"-",0.00,0.00,0.00,0.04,0.00,0.00,0.04,0.03,1.01,0,
"da71c2b4-54a6-4716-b2ba-dff4131d7b69","cabfad1b-8b7d-424a-ade8-6e41ec644ddc","D10","ARIK","ARIK.AOS.discharge","RLEHRTER","2018-07-02T19:43Z","2018-07-02T19:43Z",22,2.60,"1 point",0.26,"-",0.00,0.00,0.00,0.02,0.00,0.00,0.02,0.03,0.42,0,
"5fb0e899-ac17-439e-9be1-caa410209958","cabfad1b-8b7d-424a-ade8-6e41ec644ddc","D10","ARIK","ARIK.AOS.discharge","RLEHRTER","2018-07-02T19:43Z","2018-07-02T19:43Z",21,2.50,"1 point",0.28,"-",0.00,0.00,0.00,0.01,0.00,0.00,0.01,0.03,0.20,0,
"fbaf68d1-2fcf-4820-ad2d-83a23180692b","cabfad1b-8b7d-424a-ade8-6e41ec644ddc","D10","ARIK","ARIK.AOS.discharge","RLEHRTER","2018-07-02T19:43Z","2018-07-02T19:43Z",23,2.70,"1 point",0.15,"-",0.00,0.00,0.00,0.01,0.00,0.00,0.01,0.01,0.20,0,
"67c9a622-04e8-4394-b5f3-f086ce4cd3de","cabfad1b-8b7d-424a-ade8-6e41ec644ddc","D10","ARIK","ARIK.AOS.discharge","RLEHRTER","2018-07-02T19:43Z","2018-07-02T19:43Z",6,1.20,"1 point",0.29,"-",0.00,0.00,0.00,0.02,0.00,0.00,0.02,0.03,0.60,0,
"835ccd7b-4341-4321-83df-21c45b534f26","cabfad1b-8b7d-424a-ade8-6e41ec644ddc","D10","ARIK","ARIK.AOS.discharge","RLEHRTER","2018-07-02T19:43Z","2018-07-02T19:43Z",13,1.70,"1 point",0.30,"-",0.00,0.00,0.00,0.02,0.00,0.00,0.02,0.02,0.47,0,
"d6834ed9-8f06-44ff-9c8a-f2668215934f","cabfad1b-8b7d-424a-ade8-6e41ec644ddc","D10","ARIK","ARIK.AOS.discharge","RLEHRTER","2018-07-02T19:43Z","2018-07-02T19:43Z",1,0.70,"0 point",0.00,"-",0.00,0.00,0.00,0.00,0.00,0.00,0.00,0.00,0.00,0,
"0097852d-ba8d-453f-bbe2-9fa0714f7a3c","cabfad1b-8b7d-424a-ade8-6e41ec644ddc","D10","ARIK","ARIK.AOS.discharge","RLEHRTER","2018-07-02T19:43Z","2018-07-02T19:43Z",10,1.55,"1 point",0.28,"-",0.00,0.00,0.00,0.02,0.00,0.00,0.02,0.01,0.29,0,
"a28eea81-3684-4e1e-bdf7-0d4b7661a646","cabfad1b-8b7d-424a-ade8-6e41ec644ddc","D10","ARIK","ARIK.AOS.discharge","RLEHRTER","2018-07-02T19:43Z","2018-07-02T19:43Z",18,2.20,"1 point",0.30,"-",0.00,0.00,0.00,0.03,0.00,0.00,0.03,0.03,0.84,0,
"95426380-1f42-430c-9f4d-5151648d9c9d","cabfad1b-8b7d-424a-ade8-6e41ec644ddc","D10","ARIK","ARIK.AOS.discharge","RLEHRTER","2018-07-02T19:43Z","2018-07-02T19:43Z",17,2.10,"1 point",0.30,"-",0.00,0.00,0.00,0.02,0.00,0.00,0.02,0.03,0.49,0,
"a6b61d17-cf1e-4dbb-9709-3a24a04e9b0f","cabfad1b-8b7d-424a-ade8-6e41ec644ddc","D10","ARIK","ARIK.AOS.discharge","RLEHRTER","2018-07-02T19:43Z","2018-07-02T19:43Z",8,1.40,"1 point",0.30,"-",0.00,0.00,0.00,0.01,0.00,0.00,0.01,0.03,0.47,0,
"2c66476e-0626-4114-80a2-8b0ab0ea3711","328a1230-27b1-418f-85a5-2734b46e5e7a","D10","ARIK","ARIK.AOS.discharge","RLEHRTER","2018-07-17T20:00Z","2018-07-17T20:00Z",13,1.85,"1 point",0.17,"-",0.00,0.00,0.00,0.01,0.00,0.00,0.01,0.01,0.06,0,
"5ce2bd17-26c1-4767-8383-a5acad4fd366","328a1230-27b1-418f-85a5-2734b46e5e7a","D10","ARIK","ARIK.AOS.discharge","RLEHRTER","2018-07-17T20:00Z","2018-07-17T20:00Z",16,2.10,"1 point",0.19,"-",0.00,0.00,0.00,0.01,0.00,0.00,0.01,0.02,0.19,0,
"f416a870-acf1-4c13-a22f-ee9605db85a6","328a1230-27b1-418f-85a5-2734b46e5e7a","D10","ARIK","ARIK.AOS.discharge","RLEHRTER","2018-07-17T20:00Z","2018-07-17T20:00Z",7,1.40,"1 point",0.16,"-",0.00,0.00,0.00,-0.01,0.00,0.00,-0.01,0.01,-0.13,1,
"5f47f73c-6648-4ab1-9616-f6929ce2fbcf","328a1230-27b1-418f-85a5-2734b46e5e7a","D10","ARIK","ARIK.AOS.discharge","RLEHRTER","2018-07-17T20:00Z","2018-07-17T20:00Z",3,1.00,"1 point",0.14,"-",0.00,0.00,0.00,0.00,0.00,0.00,0.00,0.01,-0.08,0,
"99499767-1cfa-4bfb-97b0-1b7c20961233","328a1230-27b1-418f-85a5-2734b46e5e7a","D10","ARIK","ARIK.AOS.discharge","RLEHRTER","2018-07-17T20:00Z","2018-07-17T20:00Z",9,1.60,"1 point",0.16,"-",0.00,0.00,0.00,0.00,0.00,0.00,0.00,0.02,0.09,0,
"6c5cbbe8-5a5e-495e-b405-4f8dfbff55f5","328a1230-27b1-418f-85a5-2734b46e5e7a","D10","ARIK","ARIK.AOS.discharge","RLEHRTER","2018-07-17T20:00Z","2018-07-17T20:00Z",20,2.50,"1 point",0.14,"-",0.00,0.00,0.00,0.01,0.00,0.00,0.01,0.01,0.21,0,
"85e3df35-ce39-4625-8d39-eb159aa26f88","328a1230-27b1-418f-85a5-2734b46e5e7a","D10","ARIK","ARIK.AOS.discharge","RLEHRTER","2018-07-17T20:00Z","2018-07-17T20:00Z",11,1.75,"1 point",0.17,"-",0.00,0.00,0.00,0.01,0.00,0.00,0.01,0.01,0.08,0,
"ac7e874c-d913-47f6-9165-18d5badce60e","328a1230-27b1-418f-85a5-2734b46e5e7a","D10","ARIK","ARIK.AOS.discharge","RLEHRTER","2018-07-17T20:00Z","2018-07-17T20:00Z",5,1.20,"1 point",0.15,"-",0.00,0.00,0.00,0.02,0.00,0.00,0.02,0.01,0.30,0,
"5514b8d0-7a9a-4de4-887a-d3e6c000d5cc","328a1230-27b1-418f-85a5-2734b46e5e7a","D10","ARIK","ARIK.AOS.discharge","RLEHRTER","2018-07-17T20:00Z","2018-07-17T20:00Z",19,2.40,"1 point",0.14,"-",0.00,0.00,0.00,0.00,0.00,0.00,0.00,0.01,0.01,0,
"d1207b09-a1a4-4e4e-a422-403b33283258","328a1230-27b1-418f-85a5-2734b46e5e7a","D10","ARIK","ARIK.AOS.discharge","RLEHRTER","2018-07-17T20:00Z","2018-07-17T20:00Z",12,1.80,"1 point",0.17,"-",0.00,0.00,0.00,0.00,0.00,0.00,0.00,0.01,0.04,0,
"3f7d3547-9f0d-4d0a-9013-b13fbe616617","328a1230-27b1-418f-85a5-2734b46e5e7a","D10","ARIK","ARIK.AOS.discharge","RLEHRTER","2018-07-17T20:00Z","2018-07-17T20:00Z",21,2.60,"1 point",0.12,"-",0.00,0.00,0.00,-0.01,0.00,0.00,-0.01,0.01,-0.11,1,
"e0147950-21b3-46b7-9921-1ce1072f8a78","328a1230-27b1-418f-85a5-2734b46e5e7a","D10","ARIK","ARIK.AOS.discharge","RLEHRTER","2018-07-17T20:00Z","2018-07-17T20:00Z",2,0.90,"1 point",0.09,"-",0.00,0.00,0.00,0.03,0.00,0.00,0.03,0.01,0.25,0,
"ac0d61cc-9e20-4230-b010-2f1548d34625","328a1230-27b1-418f-85a5-2734b46e5e7a","D10","ARIK","ARIK.AOS.discharge","RLEHRTER","2018-07-17T20:00Z","2018-07-17T20:00Z",6,1.30,"1 point",0.16,"-",0.00,0.00,0.00,0.01,0.00,0.00,0.01,0.02,0.24,0,
"aab62ffb-0f44-492d-8c67-c5e916c5536a","328a1230-27b1-418f-85a5-2734b46e5e7a","D10","ARIK","ARIK.AOS.discharge","RLEHRTER","2018-07-17T20:00Z","2018-07-17T20:00Z",10,1.70,"1 point",0.17,"-",0.00,0.00,0.00,0.01,0.00,0.00,0.01,0.01,0.08,0,
"17b64aff-ba53-4c35-81bf-54a993fd7ab6","328a1230-27b1-418f-85a5-2734b46e5e7a","D10","ARIK","ARIK.AOS.discharge","RLEHRTER","2018-07-17T20:00Z","2018-07-17T20:00Z",22,2.70,"1 point",0.08,"-",0.00,0.00,0.00,0.00,0.00,0.00,0.00,0.11,0.00,0,
"4c4e2793-1e93-4f7b-a009-dcce97a15c6a","328a1230-27b1-418f-85a5-2734b46e5e7a","D10","ARIK","ARIK.AOS.discharge","RLEHRTER","2018-07-17T20:00Z","2018-07-17T20:00Z",15,2.00,"1 point",0.20,"-",0.00,0.00,0.00,0.01,0.00,0.00,0.01,0.02,0.28,0,
"8190bec4-b47f-4718-b51b-ccc20c5a686d","328a1230-27b1-418f-85a5-2734b46e5e7a","D10","ARIK","ARIK.AOS.discharge","RLEHRTER","2018-07-17T20:00Z","2018-07-17T20:00Z",1,0.80,"0 point",0.00,"-",0.00,0.00,0.00,0.00,0.00,0.00,0.00,0.00,0.00,0,
"1c526521-768a-4c84-a170-b059ae8a302e","328a1230-27b1-418f-85a5-2734b46e5e7a","D10","ARIK","ARIK.AOS.discharge","RLEHRTER","2018-07-17T20:00Z","2018-07-17T20:00Z",14,1.90,"1 point",0.18,"-",0.00,0.00,0.00,0.00,0.00,0.00,0.00,0.01,0.06,0,
"c410729e-ec33-4de4-a0c1-7774c3b44046","328a1230-27b1-418f-85a5-2734b46e5e7a","D10","ARIK","ARIK.AOS.discharge","RLEHRTER","2018-07-17T20:00Z","2018-07-17T20:00Z",18,2.30,"1 point",0.16,"-",0.00,0.00,0.00,0.02,0.00,0.00,0.02,0.01,0.39,0,
"03c681f5-a35e-4e35-a380-e41890846ec3","328a1230-27b1-418f-85a5-2734b46e5e7a","D10","ARIK","ARIK.AOS.discharge","RLEHRTER","2018-07-17T20:00Z","2018-07-17T20:00Z",8,1.50,"1 point",0.16,"-",0.00,0.00,0.00,0.01,0.00,0.00,0.01,0.02,0.12,0,
"bbe93e5c-ebd1-49cc-bea5-a8521c1dc9df","328a1230-27b1-418f-85a5-2734b46e5e7a","D10","ARIK","ARIK.AOS.discharge","RLEHRTER","2018-07-17T20:00Z","2018-07-17T20:00Z",4,1.10,"1 point",0.16,"-",0.00,0.00,0.00,0.00,0.00,0.00,0.00,0.01,0.09,0,
"cc84b1e2-768a-40de-ad4d-609cf9b22917","328a1230-27b1-418f-85a5-2734b46e5e7a","D10","ARIK","ARIK.AOS.discharge","RLEHRTER","2018-07-17T20:00Z","2018-07-17T20:00Z",17,2.20,"1 point",0.16,"-",0.00,0.00,0.00,0.00,0.00,0.00,0.00,0.02,0.08,0,
"00eeb7e5-b918-4837-ab60-0255ea80ad84","328a1230-27b1-418f-85a5-2734b46e5e7a","D10","ARIK","ARIK.AOS.discharge","RLEHRTER","2018-07-17T20:00Z","2018-07-17T20:00Z",23,2.80,"1 point",0.00,"-",0.00,0.00,0.00,0.00,0.00,0.00,0.00,0.00,0.00,0,
