uid,recorduid,domainID,siteID,namedLocation,collectedBy,startDate,collectDate,stationNumber,tapeDistance,streamProfilingMethod,waterDepth,edgeFactor,surfaceVelocity,oneFifthDepthVelocity,twoFifthDepthVelocity,threeFifthDepthVelocity,fourFifthDepthVelocity,bedVelocity,averageVelocity,sectionArea,sectionFlow,lowVelocityQF,dataQF
"db26d25c-da36-4854-bbfb-e03f5ec2240d","a1f893d2-6720-4728-8055-d9ffaf8d02ab","D10","ARIK","ARIK.AOS.discharge","JSWENSON","2017-08-15T23:53Z","2017-08-15T23:53Z",9,0.80,"1 point",0.12,"-",0.00,0.00,0.00,0.00,0.00,0.00,0.00,0.01,-0.03,0,
"8c0d7093-fb46-4731-acfc-ec8ad18a793a","a1f893d2-6720-4728-8055-d9ffaf8d02ab","D10","ARIK","ARIK.AOS.discharge","JSWENSON","2017-08-15T23:53Z","2017-08-15T23:53Z",11,1.00,"1 point",0.13,"-",0.00,0.00,0.00,0.00,0.00,0.00,0.00,0.01,-0.04,0,
"4882f2ab-8791-4992-a58e-e78e694fa726","a1f893d2-6720-4728-8055-d9ffaf8d02ab","D10","ARIK","ARIK.AOS.discharge","JSWENSON","2017-08-15T23:53Z","2017-08-15T23:53Z",13,1.20,"1 point",0.12,"-",0.00,0.00,0.00,0.00,0.00,0.00,0.00,0.01,-0.03,0,
"9d4626af-6ef6-47cf-a960-4f9f9de0c73c","a1f893d2-6720-4728-8055-d9ffaf8d02ab","D10","ARIK","ARIK.AOS.discharge","JSWENSON","2017-08-15T23:53Z","2017-08-15T23:53Z",7,0.60,"1 point",0.12,"-",0.00,0.00,0.00,0.00,0.00,0.00,0.00,0.01,0.01,0,
"50dd2dc0-a30e-49a7-bbfe-e8188ec6782c","a1f893d2-6720-4728-8055-d9ffaf8d02ab","D10","ARIK","ARIK.AOS.discharge","JSWENSON","2017-08-15T23:53Z","2017-08-15T23:53Z",5,0.40,"1 point",0.12,"-",0.00,0.00,0.00,0.00,0.00,0.00,0.00,0.01,-0.02,0,
"a6df8955-6864-42ca-940c-9c441ac860d5","a1f893d2-6720-4728-8055-d9ffaf8d02ab","D10","ARIK","ARIK.AOS.discharge","JSWENSON","2017-08-15T23:53Z","2017-08-15T23:53Z",12,1.10,"1 point",0.14,"-",0.00,0.00,0.00,0.00,0.00,0.00,0.00,0.01,-0.03,0,
"2f62e192-9aa2-4b04-9eaf-870ca30e65a3","a1f893d2-6720-4728-8055-d9ffaf8d02ab","D10","ARIK","ARIK.AOS.discharge","JSWENSON","2017-08-15T23:53Z","2017-08-15T23:53Z",19,1.80,"1 point",0.00,"-",0.00,0.00,0.00,0.00,0.00,0.00,0.00,0.00,0.00,0,
"d3165b4a-dc58-4f22-bee7-c6ea708748c0","a1f893d2-6720-4728-8055-d9ffaf8d02ab","D10","ARIK","ARIK.AOS.discharge","JSWENSON","2017-08-15T23:53Z","2017-08-15T23:53Z",15,1.40,"1 point",0.16,"-",0.00,0.00,0.00,0.00,0.00,0.00,0.00,0.01,-0.01,0,
"e133f9a3-d45d-41fd-87a8-a77415ff3a4b","a1f893d2-6720-4728-8055-d9ffaf8d02ab","D10","ARIK","ARIK.AOS.discharge","JSWENSON","2017-08-15T23:53Z","2017-08-15T23:53Z",16,1.50,"1 point",0.15,"-",0.00,0.00,0.00,0.00,0.00,0.00,0.00,0.01,-0.03,0,
"dacce025-9c56-4c4e-8812-cb580b876a37","a1f893d2-6720-4728-8055-d9ffaf8d02ab","D10","ARIK","ARIK.AOS.discharge","JSWENSON","2017-08-15T23:53Z","2017-08-15T23:53Z",10,0.90,"1 point",0.12,"-",0.00,0.00,0.00,0.00,0.00,0.00,0.00,0.01,0.00,0,
"671ed29e-6dac-4971-80fb-b686c5224fd6","a1f893d2-6720-4728-8055-d9ffaf8d02ab","D10","ARIK","ARIK.AOS.discharge","JSWENSON","2017-08-15T23:53Z","2017-08-15T23:53Z",8,0.70,"1 point",0.12,"-",0.00,0.00,0.00,0.00,0.00,0.00,0.00,0.01,0.00,0,
"c1568d52-1dc7-434d-b507-7eee6c62dba0","a1f893d2-6720-4728-8055-d9ffaf8d02ab","D10","ARIK","ARIK.AOS.discharge","JSWENSON","2017-08-15T23:53Z","2017-08-15T23:53Z",1,0.00,"0 point",0.00,"-",0.00,0.00,0.00,0.00,0.00,0.00,0.00,0.00,0.00,0,
"bcb4cf9b-dbd8-42a7-b53d-476d1493aba8","a1f893d2-6720-4728-8055-d9ffaf8d02ab","D10","ARIK","ARIK.AOS.discharge","JSWENSON","2017-08-15T23:53Z","2017-08-15T23:53Z",18,1.70,"1 point",0.01,"-",0.00,0.00,0.00,0.01,0.00,0.00,0.01,0.00,0.01,0,
"7d5cd7b8-41f0-4b1e-8926-98056543c8c0","a1f893d2-6720-4728-8055-d9ffaf8d02ab","D10","ARIK","ARIK.AOS.discharge","JSWENSON","2017-08-15T23:53Z","2017-08-15T23:53Z",3,0.20,"1 point",0.09,"-",0.00,0.00,0.00,0.00,0.00,0.00,0.00,0.01,-0.05,0,
"45aa04ce-40f6-4fb3-b1a2-ee23bc4f9057","a1f893d2-6720-4728-8055-d9ffaf8d02ab","D10","ARIK","ARIK.AOS.discharge","JSWENSON","2017-08-15T23:53Z","2017-08-15T23:53Z",2,0.10,"1 point",0.01,"-",0.00,0.00,0.00,-0.03,0.00,0.00,-0.03,0.00,-0.03,1,
"5e58978e-94db-4e04-bbb7-acfb6205b67b","a1f893d2-6720-4728-8055-d9ffaf8d02ab","D10","ARIK","ARIK.AOS.discharge","JSWENSON","2017-08-15T23:53Z","2017-08-15T23:53Z",14,1.30,"1 point",0.14,"-",0.00,0.00,0.00,0.01,0.00,0.00,0.01,0.01,0.10,0,
"74bbcb20-eae3-442e-83a0-47a0fee1d8b1","a1f893d2-6720-4728-8055-d9ffaf8d02ab","D10","ARIK","ARIK.AOS.discharge","JSWENSON","2017-08-15T23:53Z","2017-08-15T23:53Z",4,0.30,"1 point",0.10,"-",0.00,0.00,0.00,-0.01,0.00,0.00,-0.01,0.01,-0.07,1,
"ca930fff-5b84-4172-8eff-5bd6ce3ccf85","a1f893d2-6720-4728-8055-d9ffaf8d02ab","D10","ARIK","ARIK.AOS.discharge","JSWENSON","2017-08-15T23:53Z","2017-08-15T23:53Z",17,1.60,"1 point",0.11,"-",0.00,0.00,0.00,-0.01,0.00,0.00,-0.01,0.01,-0.07,1,
"2fd24a5a-e875-4ada-b7a0-0434aaa69ebc","a1f893d2-6720-4728-8055-d9ffaf8d02ab","D10","ARIK","ARIK.AOS.discharge","JSWENSON","2017-08-15T23:53Z","2017-08-15T23:53Z",6,0.50,"1 point",0.12,"-",0.00,0.00,0.00,0.00,0.00,0.00,0.00,0.01,0.01,0,
