uid,recorduid,domainID,siteID,namedLocation,collectedBy,startDate,collectDate,stationNumber,tapeDistance,streamProfilingMethod,waterDepth,edgeFactor,surfaceVelocity,oneFifthDepthVelocity,twoFifthDepthVelocity,threeFifthDepthVelocity,fourFifthDepthVelocity,bedVelocity,averageVelocity,sectionArea,sectionFlow,lowVelocityQF,dataQF
"1c85121a-15f2-4259-b159-be579ba44dc0","4b3c5776-cffc-4eec-84eb-44707a295c35","D10","ARIK","ARIK.AOS.discharge","JSWENSON","2018-05-15T16:32Z","2018-05-15T16:32Z",21,2.40,"1 point",0.35,"-",0.00,0.00,0.00,0.13,0.00,0.00,0.13,0.04,4.54,0,
"20caf86e-c14d-4a12-adf8-5b0fec710add","4b3c5776-cffc-4eec-84eb-44707a295c35","D10","ARIK","ARIK.AOS.discharge","JSWENSON","2018-05-15T16:32Z","2018-05-15T16:32Z",28,3.10,"0 point",0.01,"-",0.00,0.00,0.00,0.00,0.00,0.00,0.00,0.00,0.00,0,
"64cbffad-18f7-4a78-b45e-ad4d0e3798d9","4b3c5776-cffc-4eec-84eb-44707a295c35","D10","ARIK","ARIK.AOS.discharge","JSWENSON","2018-05-15T16:32Z","2018-05-15T16:32Z",2,0.90,"1 point",0.25,"-",0.00,0.00,0.00,0.01,0.00,0.00,0.01,0.13,1.44,0,
"c38ce555-1bdd-4a9e-b4d2-ec73f7d34f68","4b3c5776-cffc-4eec-84eb-44707a295c35","D10","ARIK","ARIK.AOS.discharge","JSWENSON","2018-05-15T16:32Z","2018-05-15T16:32Z",20,2.30,"1 point",0.37,"-",0.00,0.00,0.00,0.18,0.00,0.00,0.18,0.03,4.92,0,
"f259c5a7-429d-4f3a-b30c-ebbf92679b97","4b3c5776-cffc-4eec-84eb-44707a295c35","D10","ARIK","ARIK.AOS.discharge","JSWENSON","2018-05-15T16:32Z","2018-05-15T16:32Z",19,2.25,"1 point",0.36,"-",0.00,0.00,0.00,0.19,0.00,0.00,0.19,0.02,3.38,0,
"fad353f8-56d1-4713-9074-0affa1140146","4b3c5776-cffc-4eec-84eb-44707a295c35","D10","ARIK","ARIK.AOS.discharge","JSWENSON","2018-05-15T16:32Z","2018-05-15T16:32Z",7,1.40,"1 point",0.30,"-",0.00,0.00,0.00,0.08,0.00,0.00,0.08,0.03,2.30,0,
"60328b5f-c4c5-4206-b10a-6a97bcb17a5a","4b3c5776-cffc-4eec-84eb-44707a295c35","D10","ARIK","ARIK.AOS.discharge","JSWENSON","2018-05-15T16:32Z","2018-05-15T16:32Z",25,2.80,"1 point",0.12,"-",0.00,0.00,0.00,0.06,0.00,0.00,0.06,0.01,0.72,0,
"5dcb084a-bbf7-42ba-87f1-66e405066a25","4b3c5776-cffc-4eec-84eb-44707a295c35","D10","ARIK","ARIK.AOS.discharge","JSWENSON","2018-05-15T16:32Z","2018-05-15T16:32Z",29,3.20,"0 point",0.00,"-",0.00,0.00,0.00,0.00,0.00,0.00,0.00,0.00,0.00,0,
"f1809492-65c3-46a8-81b4-9ac30eda5fb5","4b3c5776-cffc-4eec-84eb-44707a295c35","D10","ARIK","ARIK.AOS.discharge","JSWENSON","2018-05-15T16:32Z","2018-05-15T16:32Z",24,2.70,"1 point",0.29,"-",0.00,0.00,0.00,0.09,0.00,0.00,0.09,0.03,2.45,0,
"46c68d97-c60d-422f-af45-b1bba5483fba","4b3c5776-cffc-4eec-84eb-44707a295c35","D10","ARIK","ARIK.AOS.discharge","JSWENSON","2018-05-15T16:32Z","2018-05-15T16:32Z",6,1.30,"1 point",0.30,"-",0.00,0.00,0.00,0.14,0.00,0.00,0.14,0.03,4.26,0,
"337f0628-c81f-47d6-b3f2-833a54b7b4a5","4b3c5776-cffc-4eec-84eb-44707a295c35","D10","ARIK","ARIK.AOS.discharge","JSWENSON","2018-05-15T16:32Z","2018-05-15T16:32Z",9,1.60,"1 point",0.32,"-",0.00,0.00,0.00,0.12,0.00,0.00,0.12,0.03,3.77,0,
"9835774b-19f6-4a32-a018-dc06e7c20e43","4b3c5776-cffc-4eec-84eb-44707a295c35","D10","ARIK","ARIK.AOS.discharge","JSWENSON","2018-05-15T16:32Z","2018-05-15T16:32Z",11,1.80,"1 point",0.34,"-",0.00,0.00,0.00,0.07,0.00,0.00,0.07,0.03,2.48,0,
"3a2920ca-fb31-424a-af96-fe3b9070e7fc","4b3c5776-cffc-4eec-84eb-44707a295c35","D10","ARIK","ARIK.AOS.discharge","JSWENSON","2018-05-15T16:32Z","2018-05-15T16:32Z",14,2.00,"1 point",0.36,"-",0.00,0.00,0.00,0.11,0.00,0.00,0.11,0.02,1.93,0,
"7297706c-d3a6-4ddb-b3f3-c37544678cc0","4b3c5776-cffc-4eec-84eb-44707a295c35","D10","ARIK","ARIK.AOS.discharge","JSWENSON","2018-05-15T16:32Z","2018-05-15T16:32Z",22,2.50,"1 point",0.34,"-",0.00,0.00,0.00,0.12,0.00,0.00,0.12,0.03,4.18,0,
"cb73f772-5e41-4f1d-952a-c207d3df035d","4b3c5776-cffc-4eec-84eb-44707a295c35","D10","ARIK","ARIK.AOS.discharge","JSWENSON","2018-05-15T16:32Z","2018-05-15T16:32Z",10,1.70,"1 point",0.32,"-",0.00,0.00,0.00,0.14,0.00,0.00,0.14,0.03,4.36,0,
"662e2740-289b-437e-8bad-209c990b457f","4b3c5776-cffc-4eec-84eb-44707a295c35","D10","ARIK","ARIK.AOS.discharge","JSWENSON","2018-05-15T16:32Z","2018-05-15T16:32Z",5,1.20,"1 point",0.30,"-",0.00,0.00,0.00,0.09,0.00,0.00,0.09,0.03,2.78,0,
"a035c545-adf1-451b-9445-beb6a619ec77","4b3c5776-cffc-4eec-84eb-44707a295c35","D10","ARIK","ARIK.AOS.discharge","JSWENSON","2018-05-15T16:32Z","2018-05-15T16:32Z",17,2.15,"1 point",0.37,"-",0.00,0.00,0.00,0.19,0.00,0.00,0.19,0.02,3.44,0,
"f94143da-b820-4d60-b40f-3b895606cde3","4b3c5776-cffc-4eec-84eb-44707a295c35","D10","ARIK","ARIK.AOS.discharge","JSWENSON","2018-05-15T16:32Z","2018-05-15T16:32Z",3,0.00,"1 point",0.28,"-",0.00,0.00,0.00,0.02,0.00,0.00,0.02,0.28,5.79,0,
"83ae563a-53a7-4e57-b52f-6270770685af","4b3c5776-cffc-4eec-84eb-44707a295c35","D10","ARIK","ARIK.AOS.discharge","JSWENSON","2018-05-15T16:32Z","2018-05-15T16:32Z",26,2.90,"0 point",0.06,"-",0.00,0.00,0.00,0.00,0.00,0.00,0.00,0.01,0.00,0,
"6cf98b5e-8e1f-4aa6-939c-2e4f912e7da9","4b3c5776-cffc-4eec-84eb-44707a295c35","D10","ARIK","ARIK.AOS.discharge","JSWENSON","2018-05-15T16:32Z","2018-05-15T16:32Z",16,2.10,"1 point",0.37,"-",0.00,0.00,0.00,0.18,0.00,0.00,0.18,0.02,3.25,0,
"6a0c706e-3048-4a76-9388-c64e0cc22b1a","4b3c5776-cffc-4eec-84eb-44707a295c35","D10","ARIK","ARIK.AOS.discharge","JSWENSON","2018-05-15T16:32Z","2018-05-15T16:32Z",23,2.60,"1 point",0.34,"-",0.00,0.00,0.00,0.14,0.00,0.00,0.14,0.03,4.60,0,
"16140a20-3c11-48c1-a143-1030636a921e","4b3c5776-cffc-4eec-84eb-44707a295c35","D10","ARIK","ARIK.AOS.discharge","JSWENSON","2018-05-15T16:32Z","2018-05-15T16:32Z",27,3.00,"0 point",0.04,"-",0.00,0.00,0.00,0.00,0.00,0.00,0.00,0.00,0.00,0,
"63985785-1eed-40da-a49d-920ef11f330d","4b3c5776-cffc-4eec-84eb-44707a295c35","D10","ARIK","ARIK.AOS.discharge","JSWENSON","2018-05-15T16:32Z","2018-05-15T16:32Z",1,0.80,"0 point",0.00,"-",0.00,0.00,0.00,0.00,0.00,0.00,0.00,0.00,0.00,0,
"23922db3-d183-4671-b202-4939a4fde48c","4b3c5776-cffc-4eec-84eb-44707a295c35","D10","ARIK","ARIK.AOS.discharge","JSWENSON","2018-05-15T16:32Z","2018-05-15T16:32Z",12,1.90,"1 point",0.35,"-",0.00,0.00,0.00,0.07,0.00,0.00,0.07,0.03,1.79,0,
"8c5bde1f-f665-49bb-9071-1dbd1169924c","4b3c5776-cffc-4eec-84eb-44707a295c35","D10","ARIK","ARIK.AOS.discharge","JSWENSON","2018-05-15T16:32Z","2018-05-15T16:32Z",4,1.10,"1 point",0.30,"-",0.00,0.00,0.00,0.04,0.00,0.00,0.04,0.18,6.66,0,
"98371644-b9ca-482a-9477-f736796ce33a","4b3c5776-cffc-4eec-84eb-44707a295c35","D10","ARIK","ARIK.AOS.discharge","JSWENSON","2018-05-15T16:32Z","2018-05-15T16:32Z",18,2.20,"1 point",0.37,"-",0.00,0.00,0.00,0.19,0.00,0.00,0.19,0.02,3.58,0,
"ad625113-2e76-4c52-afce-0b33e19444d2","4b3c5776-cffc-4eec-84eb-44707a295c35","D10","ARIK","ARIK.AOS.discharge","JSWENSON","2018-05-15T16:32Z","2018-05-15T16:32Z",13,1.95,"1 point",0.37,"-",0.00,0.00,0.00,0.07,0.00,0.00,0.07,0.02,1.22,0,
"f58c8408-1a1e-4bcb-9b6a-ef6740a53d5f","4b3c5776-cffc-4eec-84eb-44707a295c35","D10","ARIK","ARIK.AOS.discharge","JSWENSON","2018-05-15T16:32Z","2018-05-15T16:32Z",15,2.05,"1 point",0.37,"-",0.00,0.00,0.00,0.14,0.00,0.00,0.14,0.02,2.58,0,
"74ae6318-fbd4-4957-b782-3300f34db5c5","4b3c5776-cffc-4eec-84eb-44707a295c35","D10","ARIK","ARIK.AOS.discharge","JSWENSON","2018-05-15T16:32Z","2018-05-15T16:32Z",8,1.50,"1 point",0.32,"-",0.00,0.00,0.00,0.14,0.00,0.00,0.14,0.03,4.31,0,
