uid,recorduid,domainID,siteID,namedLocation,collectedBy,startDate,collectDate,stationNumber,tapeDistance,streamProfilingMethod,waterDepth,edgeFactor,surfaceVelocity,oneFifthDepthVelocity,twoFifthDepthVelocity,threeFifthDepthVelocity,fourFifthDepthVelocity,bedVelocity,averageVelocity,sectionArea,sectionFlow,lowVelocityQF,dataQF
"f5cabfc8-8a6d-4575-a0b6-312c24333b8d","73ea403a-8c58-42ad-bf3a-148f144a451b","D10","ARIK","ARIK.AOS.discharge","HSCHARTEL","2014-10-07T17:55Z","2014-10-07T17:55Z",15,3.10,"0 point",0.00,"-",0.00,0.00,0.00,0.00,0.00,0.00,0.00,0.00,0.00,0,
"8805fb32-49ea-4602-a5d2-01c4e8acb250","73ea403a-8c58-42ad-bf3a-148f144a451b","D10","ARIK","ARIK.AOS.discharge","HSCHARTEL","2014-10-07T17:55Z","2014-10-07T17:55Z",9,2.50,"1 point",0.18,"-",0.00,0.00,0.00,0.01,0.00,0.00,0.01,0.02,0.23,0,
"626627d7-56f2-4bdd-b3df-143115f8c08f","73ea403a-8c58-42ad-bf3a-148f144a451b","D10","ARIK","ARIK.AOS.discharge","HSCHARTEL","2014-10-07T17:55Z","2014-10-07T17:55Z",6,2.10,"1 point",0.16,"-",0.00,0.00,0.00,0.01,0.00,0.00,0.01,0.02,0.23,0,
"57c627f5-8b3a-460a-8664-4131480b54d0","73ea403a-8c58-42ad-bf3a-148f144a451b","D10","ARIK","ARIK.AOS.discharge","HSCHARTEL","2014-10-07T17:55Z","2014-10-07T17:55Z",4,1.90,"1 point",0.12,"-",0.00,0.00,0.00,0.02,0.00,0.00,0.02,0.01,0.31,0,
"4657ccd0-fa9f-451c-b827-09b2d9971ba1","73ea403a-8c58-42ad-bf3a-148f144a451b","D10","ARIK","ARIK.AOS.discharge","HSCHARTEL","2014-10-07T17:55Z","2014-10-07T17:55Z",13,2.90,"1 point",0.11,"-",0.00,0.00,0.00,0.01,0.00,0.00,0.01,0.01,0.15,0,
"ed313af9-7600-4634-9f1f-883a008da048","73ea403a-8c58-42ad-bf3a-148f144a451b","D10","ARIK","ARIK.AOS.discharge","HSCHARTEL","2014-10-07T17:55Z","2014-10-07T17:55Z",11,2.70,"1 point",0.16,"-",0.00,0.00,0.00,0.01,0.00,0.00,0.01,0.01,0.19,0,
"64466a34-41ae-4133-b523-2b5fb412d673","73ea403a-8c58-42ad-bf3a-148f144a451b","D10","ARIK","ARIK.AOS.discharge","HSCHARTEL","2014-10-07T17:55Z","2014-10-07T17:55Z",14,3.00,"1 point",0.08,"-",0.00,0.00,0.00,0.02,0.00,0.00,0.02,0.01,0.18,0,
"cf03dae2-9f86-4040-a734-ab0a7ca2a3b4","73ea403a-8c58-42ad-bf3a-148f144a451b","D10","ARIK","ARIK.AOS.discharge","HSCHARTEL","2014-10-07T17:55Z","2014-10-07T17:55Z",12,2.80,"1 point",0.14,"-",0.00,0.00,0.00,0.01,0.00,0.00,0.01,0.01,0.16,0,
"cb326e76-5d1c-4bbc-acc1-f236cb7ab365","73ea403a-8c58-42ad-bf3a-148f144a451b","D10","ARIK","ARIK.AOS.discharge","HSCHARTEL","2014-10-07T17:55Z","2014-10-07T17:55Z",8,2.40,"1 point",0.16,"-",0.00,0.00,0.00,0.01,0.00,0.00,0.01,0.02,0.24,0,
"cadde785-27a6-44d8-8870-287a90e8f5c7","73ea403a-8c58-42ad-bf3a-148f144a451b","D10","ARIK","ARIK.AOS.discharge","HSCHARTEL","2014-10-07T17:55Z","2014-10-07T17:55Z",1,1.60,"0 point",0.00,"-",0.00,0.00,0.00,0.00,0.00,0.00,0.00,0.00,0.00,0,
"77b2c3ab-8ce7-42c8-902b-96ea48ca5206","73ea403a-8c58-42ad-bf3a-148f144a451b","D10","ARIK","ARIK.AOS.discharge","HSCHARTEL","2014-10-07T17:55Z","2014-10-07T17:55Z",2,1.70,"1 point",0.07,"-",0.00,0.00,0.00,0.01,0.00,0.00,0.01,0.01,0.11,0,
"f75a8732-23f4-4de0-a832-f83c540e0fcd","73ea403a-8c58-42ad-bf3a-148f144a451b","D10","ARIK","ARIK.AOS.discharge","HSCHARTEL","2014-10-07T17:55Z","2014-10-07T17:55Z",5,2.00,"1 point",0.13,"-",0.00,0.00,0.00,0.02,0.00,0.00,0.02,0.01,0.28,0,
"0f1a758c-8f64-4e80-9c50-f2c8b517de23","73ea403a-8c58-42ad-bf3a-148f144a451b","D10","ARIK","ARIK.AOS.discharge","HSCHARTEL","2014-10-07T17:55Z","2014-10-07T17:55Z",7,2.20,"1 point",0.15,"-",0.00,0.00,0.00,0.01,0.00,0.00,0.01,0.02,0.32,0,
"b5123ad3-eb4d-4744-838a-d4f20c7bede8","73ea403a-8c58-42ad-bf3a-148f144a451b","D10","ARIK","ARIK.AOS.discharge","HSCHARTEL","2014-10-07T17:55Z","2014-10-07T17:55Z",3,1.80,"1 point",0.08,"-",0.00,0.00,0.00,0.01,0.00,0.00,0.01,0.01,0.10,0,
"01f98482-1d2f-483a-a6f8-8729b38e7c44","73ea403a-8c58-42ad-bf3a-148f144a451b","D10","ARIK","ARIK.AOS.discharge","HSCHARTEL","2014-10-07T17:55Z","2014-10-07T17:55Z",10,2.60,"1 point",0.16,"-",0.00,0.00,0.00,0.01,0.00,0.00,0.01,0.02,0.21,0,
