uid,recorduid,domainID,siteID,namedLocation,collectedBy,startDate,collectDate,stationNumber,tapeDistance,streamProfilingMethod,waterDepth,edgeFactor,surfaceVelocity,oneFifthDepthVelocity,twoFifthDepthVelocity,threeFifthDepthVelocity,fourFifthDepthVelocity,bedVelocity,averageVelocity,sectionArea,sectionFlow,lowVelocityQF,dataQF
"79e8c65c-a589-41f5-a0da-5411c337f3e9","6cba2b59-97a6-4c61-99ca-e9a9980b1fc2","D10","ARIK","ARIK.AOS.discharge","DMONAHAN","2015-10-06T06:08Z","2015-10-06T06:08Z",18,2.66,"1 point",0.06,"-",0.00,0.00,0.00,0.02,0.00,0.00,0.02,0.00,0.06,0,
"86937154-a700-469b-ab5c-d41f86a6085f","6cba2b59-97a6-4c61-99ca-e9a9980b1fc2","D10","ARIK","ARIK.AOS.discharge","DMONAHAN","2015-10-06T06:08Z","2015-10-06T06:08Z",10,2.30,"1 point",0.08,"-",0.00,0.00,0.00,0.00,0.00,0.00,0.00,0.00,0.01,0,
"cbff721c-54c9-4ad4-bb30-3849da15a9ac","6cba2b59-97a6-4c61-99ca-e9a9980b1fc2","D10","ARIK","ARIK.AOS.discharge","DMONAHAN","2015-10-06T06:08Z","2015-10-06T06:08Z",17,2.65,"1 point",0.06,"-",0.00,0.00,0.00,0.00,0.00,0.00,0.00,0.00,0.00,0,
"f4b36620-3208-4d86-9e3f-782a96c07980","6cba2b59-97a6-4c61-99ca-e9a9980b1fc2","D10","ARIK","ARIK.AOS.discharge","DMONAHAN","2015-10-06T06:08Z","2015-10-06T06:08Z",20,2.80,"0 point",0.00,"-",0.00,0.00,0.00,0.00,0.00,0.00,0.00,0.00,0.00,0,
"e613b0c7-5f84-433a-b6a4-0b6b37f1aa03","6cba2b59-97a6-4c61-99ca-e9a9980b1fc2","D10","ARIK","ARIK.AOS.discharge","DMONAHAN","2015-10-06T06:08Z","2015-10-06T06:08Z",11,2.35,"1 point",0.08,"-",0.00,0.00,0.00,0.00,0.00,0.00,0.00,0.00,-0.02,0,
"dd19ae46-6e9e-458b-912f-388a1e9eccc5","6cba2b59-97a6-4c61-99ca-e9a9980b1fc2","D10","ARIK","ARIK.AOS.discharge","DMONAHAN","2015-10-06T06:08Z","2015-10-06T06:08Z",7,2.10,"1 point",0.08,"-",0.00,0.00,0.00,0.00,0.00,0.00,0.00,0.00,0.01,0,
"551fe0b4-d5bc-4c4b-a481-bc33cea84c2d","6cba2b59-97a6-4c61-99ca-e9a9980b1fc2","D10","ARIK","ARIK.AOS.discharge","DMONAHAN","2015-10-06T06:08Z","2015-10-06T06:08Z",6,2.05,"1 point",0.08,"-",0.00,0.00,0.00,0.00,0.00,0.00,0.00,0.00,0.01,0,
"5098cd63-4541-4069-b61c-bdfe9c59fdea","6cba2b59-97a6-4c61-99ca-e9a9980b1fc2","D10","ARIK","ARIK.AOS.discharge","DMONAHAN","2015-10-06T06:08Z","2015-10-06T06:08Z",8,2.15,"1 point",0.08,"-",0.00,0.00,0.00,0.00,0.00,0.00,0.00,0.00,0.00,0,
"0190e6b1-1766-4276-a5d4-997b3a70429f","6cba2b59-97a6-4c61-99ca-e9a9980b1fc2","D10","ARIK","ARIK.AOS.discharge","DMONAHAN","2015-10-06T06:08Z","2015-10-06T06:08Z",14,2.50,"1 point",0.06,"-",0.00,0.00,0.00,0.00,0.00,0.00,0.00,0.00,0.00,0,
"7948e918-e7cc-41b8-85a8-b8d1302eaa1c","6cba2b59-97a6-4c61-99ca-e9a9980b1fc2","D10","ARIK","ARIK.AOS.discharge","DMONAHAN","2015-10-06T06:08Z","2015-10-06T06:08Z",1,1.80,"0 point",0.00,"-",0.00,0.00,0.00,0.00,0.00,0.00,0.00,0.00,0.00,0,
"12a7a076-1997-4c49-aa00-a21b2d57f2f7","6cba2b59-97a6-4c61-99ca-e9a9980b1fc2","D10","ARIK","ARIK.AOS.discharge","DMONAHAN","2015-10-06T06:08Z","2015-10-06T06:08Z",5,2.00,"1 point",0.08,"-",0.00,0.00,0.00,0.00,0.00,0.00,0.00,0.00,0.02,0,
"72181bf1-2028-4f3b-a3fe-a6a9aee705ff","6cba2b59-97a6-4c61-99ca-e9a9980b1fc2","D10","ARIK","ARIK.AOS.discharge","DMONAHAN","2015-10-06T06:08Z","2015-10-06T06:08Z",9,2.20,"1 point",0.08,"-",0.00,0.00,0.00,0.00,0.00,0.00,0.00,0.00,0.00,0,
"59eb5141-12b1-48af-abaf-613a5e50e57e","6cba2b59-97a6-4c61-99ca-e9a9980b1fc2","D10","ARIK","ARIK.AOS.discharge","DMONAHAN","2015-10-06T06:08Z","2015-10-06T06:08Z",16,2.60,"1 point",0.06,"-",0.00,0.00,0.00,0.01,0.00,0.00,0.01,0.00,0.02,0,
"ec75d6bc-8f5c-40a8-9808-a92a4cc8ec2e","6cba2b59-97a6-4c61-99ca-e9a9980b1fc2","D10","ARIK","ARIK.AOS.discharge","DMONAHAN","2015-10-06T06:08Z","2015-10-06T06:08Z",3,1.90,"1 point",0.08,"-",0.00,0.00,0.00,0.00,0.00,0.00,0.00,0.00,0.01,0,
"ffc2f8a5-3ad6-4c42-b3bc-cccef241f234","6cba2b59-97a6-4c61-99ca-e9a9980b1fc2","D10","ARIK","ARIK.AOS.discharge","DMONAHAN","2015-10-06T06:08Z","2015-10-06T06:08Z",13,2.45,"1 point",0.06,"-",0.00,0.00,0.00,0.00,0.00,0.00,0.00,0.00,0.00,0,
"0a9e06c8-1719-4565-95b5-a408b98848c6","6cba2b59-97a6-4c61-99ca-e9a9980b1fc2","D10","ARIK","ARIK.AOS.discharge","DMONAHAN","2015-10-06T06:08Z","2015-10-06T06:08Z",12,2.40,"1 point",0.06,"-",0.00,0.00,0.00,0.00,0.00,0.00,0.00,0.00,0.00,0,
"e1f97c49-55bc-42a2-8516-7ca01eb1114d","6cba2b59-97a6-4c61-99ca-e9a9980b1fc2","D10","ARIK","ARIK.AOS.discharge","DMONAHAN","2015-10-06T06:08Z","2015-10-06T06:08Z",2,1.85,"1 point",0.06,"-",0.00,0.00,0.00,0.00,0.00,0.00,0.00,0.00,0.00,0,
"701b79c2-fb50-491d-9ab2-f2f8e16438ee","6cba2b59-97a6-4c61-99ca-e9a9980b1fc2","D10","ARIK","ARIK.AOS.discharge","DMONAHAN","2015-10-06T06:08Z","2015-10-06T06:08Z",15,2.55,"1 point",0.06,"-",0.00,0.00,0.00,0.00,0.00,0.00,0.00,0.00,0.01,0,
"ca2569f1-6141-4c79-8f9b-c19a088c56c8","6cba2b59-97a6-4c61-99ca-e9a9980b1fc2","D10","ARIK","ARIK.AOS.discharge","DMONAHAN","2015-10-06T06:08Z","2015-10-06T06:08Z",19,2.75,"1 point",0.08,"-",0.00,0.00,0.00,0.00,0.00,0.00,0.00,0.00,0.02,0,
"52a84368-c87a-4a8e-a897-05db53714c3a","6cba2b59-97a6-4c61-99ca-e9a9980b1fc2","D10","ARIK","ARIK.AOS.discharge","DMONAHAN","2015-10-06T06:08Z","2015-10-06T06:08Z",4,1.95,"1 point",0.08,"-",0.00,0.00,0.00,0.00,0.00,0.00,0.00,0.00,0.00,0,
