uid,recorduid,domainID,siteID,namedLocation,collectedBy,startDate,collectDate,stationNumber,tapeDistance,streamProfilingMethod,waterDepth,edgeFactor,surfaceVelocity,oneFifthDepthVelocity,twoFifthDepthVelocity,threeFifthDepthVelocity,fourFifthDepthVelocity,bedVelocity,averageVelocity,sectionArea,sectionFlow,lowVelocityQF,dataQF
"f325527a-0ffd-49cc-940f-e0dbf593b1d2","2a8ffa31-c6a1-4f0d-81c1-09234efae38f","D10","ARIK","ARIK.AOS.discharge","STEMMLER","2019-08-05T22:54Z","2019-08-05T22:54Z",19,2.40,"1 point",0.18,"-",0.00,0.00,0.00,0.01,0.00,0.00,0.01,0.02,0.25,0,
"7a2ead5a-aed5-4e35-b628-2deede42f0e3","2a8ffa31-c6a1-4f0d-81c1-09234efae38f","D10","ARIK","ARIK.AOS.discharge","STEMMLER","2019-08-05T22:54Z","2019-08-05T22:54Z",10,1.60,"1 point",0.22,"-",0.00,0.00,0.00,0.00,0.00,0.00,0.00,0.02,0.05,1,
"f8638345-e219-43f1-b704-7ed5b64f9f14","2a8ffa31-c6a1-4f0d-81c1-09234efae38f","D10","ARIK","ARIK.AOS.discharge","STEMMLER","2019-08-05T22:54Z","2019-08-05T22:54Z",13,1.90,"1 point",0.24,"-",0.00,0.00,0.00,0.00,0.00,0.00,0.00,0.02,0.10,1,
"3b2e47b0-b88f-4a3c-91ee-39419b0423dc","2a8ffa31-c6a1-4f0d-81c1-09234efae38f","D10","ARIK","ARIK.AOS.discharge","STEMMLER","2019-08-05T22:54Z","2019-08-05T22:54Z",8,1.45,"1 point",0.20,"-",0.00,0.00,0.00,0.00,0.00,0.00,0.00,0.01,0.03,1,
"32f1aa3b-175f-4b86-9961-944b18c8be69","2a8ffa31-c6a1-4f0d-81c1-09234efae38f","D10","ARIK","ARIK.AOS.discharge","STEMMLER","2019-08-05T22:54Z","2019-08-05T22:54Z",1,0.80,"0 point",0.00,"-",0.00,0.00,0.00,0.00,0.00,0.00,0.00,0.00,0.00,0,
"99a57e13-95a4-47ef-945b-a3f069f1c17d","2a8ffa31-c6a1-4f0d-81c1-09234efae38f","D10","ARIK","ARIK.AOS.discharge","STEMMLER","2019-08-05T22:54Z","2019-08-05T22:54Z",17,2.20,"1 point",0.20,"-",0.00,0.00,0.00,0.01,0.00,0.00,0.01,0.02,0.19,0,
"de1c6388-28b3-449b-a5cc-9de0c257b4e6","2a8ffa31-c6a1-4f0d-81c1-09234efae38f","D10","ARIK","ARIK.AOS.discharge","STEMMLER","2019-08-05T22:54Z","2019-08-05T22:54Z",9,1.50,"1 point",0.20,"-",0.00,0.00,0.00,0.00,0.00,0.00,0.00,0.02,0.03,1,
"09934300-1c62-40d8-9a5c-e4e3704ee9a8","2a8ffa31-c6a1-4f0d-81c1-09234efae38f","D10","ARIK","ARIK.AOS.discharge","STEMMLER","2019-08-05T22:54Z","2019-08-05T22:54Z",5,1.20,"1 point",0.20,"-",0.00,0.00,0.00,0.00,0.00,0.00,0.00,0.02,0.01,0,
"44d45688-3641-46cd-92c1-3f47267e8df9","2a8ffa31-c6a1-4f0d-81c1-09234efae38f","D10","ARIK","ARIK.AOS.discharge","STEMMLER","2019-08-05T22:54Z","2019-08-05T22:54Z",11,1.70,"1 point",0.22,"-",0.00,0.00,0.00,0.00,0.00,0.00,0.00,0.02,0.06,1,
"dd9126d5-7b79-4e4b-8fc1-2110678a74f0","2a8ffa31-c6a1-4f0d-81c1-09234efae38f","D10","ARIK","ARIK.AOS.discharge","STEMMLER","2019-08-05T22:54Z","2019-08-05T22:54Z",12,1.80,"1 point",0.24,"-",0.00,0.00,0.00,0.00,0.00,0.00,0.00,0.02,0.04,1,
"bb1e6385-e44f-4857-b546-807abce22952","2a8ffa31-c6a1-4f0d-81c1-09234efae38f","D10","ARIK","ARIK.AOS.discharge","STEMMLER","2019-08-05T22:54Z","2019-08-05T22:54Z",16,2.15,"1 point",0.16,"-",0.00,0.00,0.00,0.01,0.00,0.00,0.01,0.01,0.06,1,
"fb3087e6-f367-4992-a9d6-f943fbe16136","2a8ffa31-c6a1-4f0d-81c1-09234efae38f","D10","ARIK","ARIK.AOS.discharge","STEMMLER","2019-08-05T22:54Z","2019-08-05T22:54Z",20,2.50,"1 point",0.10,"-",0.00,0.00,0.00,0.01,0.00,0.00,0.01,0.01,0.05,1,
"2e02c0c4-c311-439c-ac48-f38dbe5632d9","2a8ffa31-c6a1-4f0d-81c1-09234efae38f","D10","ARIK","ARIK.AOS.discharge","STEMMLER","2019-08-05T22:54Z","2019-08-05T22:54Z",6,1.30,"1 point",0.20,"-",0.00,0.00,0.00,0.00,0.00,0.00,0.00,0.02,-0.00,0,
"f180399c-84e9-42c9-b526-ba068bec2368","2a8ffa31-c6a1-4f0d-81c1-09234efae38f","D10","ARIK","ARIK.AOS.discharge","STEMMLER","2019-08-05T22:54Z","2019-08-05T22:54Z",21,2.60,"1 point",0.12,"-",0.00,0.00,0.00,0.01,0.00,0.00,0.01,0.01,0.17,0,
"5fdda966-c194-471e-a454-5162e658e669","2a8ffa31-c6a1-4f0d-81c1-09234efae38f","D10","ARIK","ARIK.AOS.discharge","STEMMLER","2019-08-05T22:54Z","2019-08-05T22:54Z",3,1.00,"1 point",0.22,"-",0.00,0.00,0.00,0.00,0.00,0.00,0.00,0.03,0.03,1,
"ea6e43e1-b0fc-4a6a-8bbc-f534be093953","2a8ffa31-c6a1-4f0d-81c1-09234efae38f","D10","ARIK","ARIK.AOS.discharge","STEMMLER","2019-08-05T22:54Z","2019-08-05T22:54Z",15,2.10,"1 point",0.16,"-",0.00,0.00,0.00,0.01,0.00,0.00,0.01,0.01,0.14,0,
"67caef2f-511b-4eb2-b889-d04bf04caca5","2a8ffa31-c6a1-4f0d-81c1-09234efae38f","D10","ARIK","ARIK.AOS.discharge","STEMMLER","2019-08-05T22:54Z","2019-08-05T22:54Z",7,1.40,"1 point",0.20,"-",0.00,0.00,0.00,0.00,0.00,0.00,0.00,0.02,0.05,1,
"a9415f58-031b-47b3-913c-c5580350a448","2a8ffa31-c6a1-4f0d-81c1-09234efae38f","D10","ARIK","ARIK.AOS.discharge","STEMMLER","2019-08-05T22:54Z","2019-08-05T22:54Z",22,2.70,"1 point",0.18,"-",0.00,0.00,0.00,0.01,0.00,0.00,0.01,0.02,0.13,1,
"4d8cd8be-a7ad-4073-ad35-6353e08a2597","2a8ffa31-c6a1-4f0d-81c1-09234efae38f","D10","ARIK","ARIK.AOS.discharge","STEMMLER","2019-08-05T22:54Z","2019-08-05T22:54Z",14,2.00,"1 point",0.22,"-",0.00,0.00,0.00,0.00,0.00,0.00,0.00,0.02,0.05,1,
"0a6a96db-d27f-4ad5-a106-b3f991e97e97","2a8ffa31-c6a1-4f0d-81c1-09234efae38f","D10","ARIK","ARIK.AOS.discharge","STEMMLER","2019-08-05T22:54Z","2019-08-05T22:54Z",18,2.30,"1 point",0.16,"-",0.00,0.00,0.00,0.01,0.00,0.00,0.01,0.02,0.15,1,
"2c8e27b3-5d4c-4899-becd-c8ab7efba52e","2a8ffa31-c6a1-4f0d-81c1-09234efae38f","D10","ARIK","ARIK.AOS.discharge","STEMMLER","2019-08-05T22:54Z","2019-08-05T22:54Z",2,0.85,"1 point",0.18,"-",0.00,0.00,0.00,0.01,0.00,0.00,0.01,0.02,0.12,1,
"370c71c4-c095-4a28-8e87-dbf3ec57b9df","2a8ffa31-c6a1-4f0d-81c1-09234efae38f","D10","ARIK","ARIK.AOS.discharge","STEMMLER","2019-08-05T22:54Z","2019-08-05T22:54Z",4,1.10,"1 point",0.20,"-",0.00,0.00,0.00,0.00,0.00,0.00,0.00,0.02,0.06,1,
"588c1a60-20b1-47a4-9eab-384f4833dcca","2a8ffa31-c6a1-4f0d-81c1-09234efae38f","D10","ARIK","ARIK.AOS.discharge","STEMMLER","2019-08-05T22:54Z","2019-08-05T22:54Z",23,2.85,"0 point",0.00,"-",0.00,0.00,0.00,0.00,0.00,0.00,0.00,0.00,0.00,0,
"c6de27c2-23d4-4d98-9008-b922dea0ef81","146763f7-32b8-45ca-ab9a-c60b1a1c4b90","D10","ARIK","ARIK.AOS.discharge","STEMMLER","2019-08-19T06:33Z","2019-08-19T06:33Z",15,1.50,"1 point",0.20,"-",0.00,0.00,0.00,0.00,0.00,0.00,0.00,0.02,0.08,1,
"65ba3e7a-a54a-4800-af7c-4556bcb44505","146763f7-32b8-45ca-ab9a-c60b1a1c4b90","D10","ARIK","ARIK.AOS.discharge","STEMMLER","2019-08-19T06:33Z","2019-08-19T06:33Z",24,2.40,"0 point",0.00,"-",0.00,0.00,0.00,0.00,0.00,0.00,0.00,0.00,0.00,0,
"b43c45a1-9dd9-47ec-8fed-590f2c978bb8","146763f7-32b8-45ca-ab9a-c60b1a1c4b90","D10","ARIK","ARIK.AOS.discharge","STEMMLER","2019-08-19T06:33Z","2019-08-19T06:33Z",8,1.05,"1 point",0.26,"-",0.00,0.00,0.00,0.01,0.00,0.00,0.01,0.01,0.07,1,
"4b94e3bc-f89a-4420-b4b9-a69c74c7213e","146763f7-32b8-45ca-ab9a-c60b1a1c4b90","D10","ARIK","ARIK.AOS.discharge","STEMMLER","2019-08-19T06:33Z","2019-08-19T06:33Z",4,0.70,"1 point",0.20,"-",0.00,0.00,0.00,0.00,0.00,0.00,0.00,0.02,0.03,1,
"eea6d6d5-a3ef-4a87-92d5-88c00285d336","146763f7-32b8-45ca-ab9a-c60b1a1c4b90","D10","ARIK","ARIK.AOS.discharge","STEMMLER","2019-08-19T06:33Z","2019-08-19T06:33Z",1,0.30,"0 point",0.00,"-",0.00,0.00,0.00,0.00,0.00,0.00,0.00,0.00,0.00,0,
"1c669bbd-d4b6-41c2-8d62-1704ef3abb40","146763f7-32b8-45ca-ab9a-c60b1a1c4b90","D10","ARIK","ARIK.AOS.discharge","STEMMLER","2019-08-19T06:33Z","2019-08-19T06:33Z",5,0.80,"1 point",0.22,"-",0.00,0.00,0.00,0.00,0.00,0.00,0.00,0.02,0.04,1,
"2ed1c63a-3d35-4689-a124-25f1110e0a2d","146763f7-32b8-45ca-ab9a-c60b1a1c4b90","D10","ARIK","ARIK.AOS.discharge","STEMMLER","2019-08-19T06:33Z","2019-08-19T06:33Z",22,2.10,"1 point",0.20,"-",0.00,0.00,0.00,0.00,0.00,0.00,0.00,0.02,0.05,1,
"71f4648d-3a2f-4760-a74c-1830a1d5f0cc","146763f7-32b8-45ca-ab9a-c60b1a1c4b90","D10","ARIK","ARIK.AOS.discharge","STEMMLER","2019-08-19T06:33Z","2019-08-19T06:33Z",12,1.25,"1 point",0.26,"-",0.00,0.00,0.00,0.01,0.00,0.00,0.01,0.01,0.07,1,
"75775491-3b7d-4b77-848c-8efc6ccd24f0","146763f7-32b8-45ca-ab9a-c60b1a1c4b90","D10","ARIK","ARIK.AOS.discharge","STEMMLER","2019-08-19T06:33Z","2019-08-19T06:33Z",2,0.50,"1 point",0.14,"-",0.00,0.00,0.00,0.00,0.00,0.00,0.00,0.02,0.01,0,
"cb11a340-3b6c-44f8-9cb8-06d74c654565","146763f7-32b8-45ca-ab9a-c60b1a1c4b90","D10","ARIK","ARIK.AOS.discharge","STEMMLER","2019-08-19T06:33Z","2019-08-19T06:33Z",23,2.20,"1 point",0.20,"-",0.00,0.00,0.00,0.00,0.00,0.00,0.00,0.03,0.00,0,
"e6a17f80-feb6-49ee-af60-826bd4bb1894","146763f7-32b8-45ca-ab9a-c60b1a1c4b90","D10","ARIK","ARIK.AOS.discharge","STEMMLER","2019-08-19T06:33Z","2019-08-19T06:33Z",20,1.90,"1 point",0.20,"-",0.00,0.00,0.00,0.00,0.00,0.00,0.00,0.02,0.02,1,
"973b5918-f3f2-4604-a99e-c0535e9da689","146763f7-32b8-45ca-ab9a-c60b1a1c4b90","D10","ARIK","ARIK.AOS.discharge","STEMMLER","2019-08-19T06:33Z","2019-08-19T06:33Z",18,1.75,"1 point",0.20,"-",0.00,0.00,0.00,0.00,0.00,0.00,0.00,0.02,0.03,1,
"dc72a66f-3fbe-4032-8c0a-67365102b0c8","146763f7-32b8-45ca-ab9a-c60b1a1c4b90","D10","ARIK","ARIK.AOS.discharge","STEMMLER","2019-08-19T06:33Z","2019-08-19T06:33Z",10,1.15,"1 point",0.28,"-",0.00,0.00,0.00,0.00,0.00,0.00,0.00,0.01,0.06,1,
"f035980f-12d9-431f-8455-d99d10ea5e37","146763f7-32b8-45ca-ab9a-c60b1a1c4b90","D10","ARIK","ARIK.AOS.discharge","STEMMLER","2019-08-19T06:33Z","2019-08-19T06:33Z",9,1.10,"1 point",0.28,"-",0.00,0.00,0.00,0.01,0.00,0.00,0.01,0.01,0.07,1,
"bb052f30-ee7d-429c-a08c-01b76b86d3c4","146763f7-32b8-45ca-ab9a-c60b1a1c4b90","D10","ARIK","ARIK.AOS.discharge","STEMMLER","2019-08-19T06:33Z","2019-08-19T06:33Z",19,1.80,"1 point",0.20,"-",0.00,0.00,0.00,0.00,0.00,0.00,0.00,0.03,0.05,1,
"d6cc7629-43ee-4219-8eb9-436c9f5a3b9f","146763f7-32b8-45ca-ab9a-c60b1a1c4b90","D10","ARIK","ARIK.AOS.discharge","STEMMLER","2019-08-19T06:33Z","2019-08-19T06:33Z",7,1.00,"1 point",0.24,"-",0.00,0.00,0.00,0.00,0.00,0.00,0.00,0.02,0.07,1,
"9a480364-f03d-4ffd-baf3-7434ca086e29","146763f7-32b8-45ca-ab9a-c60b1a1c4b90","D10","ARIK","ARIK.AOS.discharge","STEMMLER","2019-08-19T06:33Z","2019-08-19T06:33Z",13,1.30,"1 point",0.26,"-",0.00,0.00,0.00,0.01,0.00,0.00,0.01,0.02,0.11,1,
"ab5f8118-e35b-4ef7-b355-6bc38ffca1e5","146763f7-32b8-45ca-ab9a-c60b1a1c4b90","D10","ARIK","ARIK.AOS.discharge","STEMMLER","2019-08-19T06:33Z","2019-08-19T06:33Z",16,1.60,"1 point",0.20,"-",0.00,0.00,0.00,0.00,0.00,0.00,0.00,0.02,0.02,1,
"42570491-c15c-4da6-ba73-9a7fe1a95271","146763f7-32b8-45ca-ab9a-c60b1a1c4b90","D10","ARIK","ARIK.AOS.discharge","STEMMLER","2019-08-19T06:33Z","2019-08-19T06:33Z",21,2.00,"1 point",0.18,"-",0.00,0.00,0.00,0.00,0.00,0.00,0.00,0.02,-0.00,0,
"97bd0fae-cd25-479b-8f34-2f423d642cf4","146763f7-32b8-45ca-ab9a-c60b1a1c4b90","D10","ARIK","ARIK.AOS.discharge","STEMMLER","2019-08-19T06:33Z","2019-08-19T06:33Z",11,1.20,"1 point",0.26,"-",0.00,0.00,0.00,0.00,0.00,0.00,0.00,0.01,0.03,1,
"77135a1f-328b-4354-8673-98af0fe1d7be","146763f7-32b8-45ca-ab9a-c60b1a1c4b90","D10","ARIK","ARIK.AOS.discharge","STEMMLER","2019-08-19T06:33Z","2019-08-19T06:33Z",3,0.60,"1 point",0.16,"-",0.00,0.00,0.00,0.00,0.00,0.00,0.00,0.02,0.04,1,
"4b2b9812-dac4-45a5-8c26-671d084668bc","146763f7-32b8-45ca-ab9a-c60b1a1c4b90","D10","ARIK","ARIK.AOS.discharge","STEMMLER","2019-08-19T06:33Z","2019-08-19T06:33Z",17,1.70,"1 point",0.18,"-",0.00,0.00,0.00,0.00,0.00,0.00,0.00,0.01,0.00,0,
"f5d18f71-d857-445c-a323-70d52ccca1e5","146763f7-32b8-45ca-ab9a-c60b1a1c4b90","D10","ARIK","ARIK.AOS.discharge","STEMMLER","2019-08-19T06:33Z","2019-08-19T06:33Z",6,0.90,"1 point",0.24,"-",0.00,0.00,0.00,0.00,0.00,0.00,0.00,0.02,0.06,1,
"a2b61087-862b-4356-bcd6-8dd24f90cbbf","146763f7-32b8-45ca-ab9a-c60b1a1c4b90","D10","ARIK","ARIK.AOS.discharge","STEMMLER","2019-08-19T06:33Z","2019-08-19T06:33Z",14,1.40,"1 point",0.24,"-",0.00,0.00,0.00,0.00,0.00,0.00,0.00,0.02,0.11,1,
