uid,recorduid,domainID,siteID,namedLocation,collectedBy,startDate,collectDate,stationNumber,tapeDistance,streamProfilingMethod,waterDepth,edgeFactor,surfaceVelocity,oneFifthDepthVelocity,twoFifthDepthVelocity,threeFifthDepthVelocity,fourFifthDepthVelocity,bedVelocity,averageVelocity,sectionArea,sectionFlow,lowVelocityQF,dataQF
"cabb1f91-96aa-4059-a4e0-1e86c254f667","7eb857eb-c257-4439-8d3a-080dc8dd3f8c","D10","ARIK","ARIK.AOS.discharge","DSTETSON","2015-08-04T21:58Z","2015-08-04T21:58Z",20,3.36,"0 point",0.00,"-",0.00,0.00,0.00,0.00,0.00,0.00,0.00,0.00,0.00,0,
"3826c83f-31aa-48c8-bdcd-af56c8ba413a","7eb857eb-c257-4439-8d3a-080dc8dd3f8c","D10","ARIK","ARIK.AOS.discharge","DSTETSON","2015-08-04T21:58Z","2015-08-04T21:58Z",13,2.92,"1 point",0.08,"-",0.00,0.00,0.00,0.00,0.00,0.00,0.00,0.01,-0.04,0,
"d3a37649-cf89-4753-8245-0dcbd7ec40d1","7eb857eb-c257-4439-8d3a-080dc8dd3f8c","D10","ARIK","ARIK.AOS.discharge","DSTETSON","2015-08-04T21:58Z","2015-08-04T21:58Z",16,3.14,"1 point",0.08,"-",0.00,0.00,0.00,0.00,0.00,0.00,0.00,0.01,-0.01,0,
"0abcf42e-dacf-4bbb-af0f-60db18bf9cbf","7eb857eb-c257-4439-8d3a-080dc8dd3f8c","D10","ARIK","ARIK.AOS.discharge","DSTETSON","2015-08-04T21:58Z","2015-08-04T21:58Z",1,1.60,"0 point",0.00,"-",0.00,0.00,0.00,0.00,0.00,0.00,0.00,0.00,0.00,0,
"734f5f69-7098-48c2-9dc4-c104d6411bf2","7eb857eb-c257-4439-8d3a-080dc8dd3f8c","D10","ARIK","ARIK.AOS.discharge","DSTETSON","2015-08-04T21:58Z","2015-08-04T21:58Z",19,3.32,"1 point",0.06,"-",0.00,0.00,0.00,0.00,0.00,0.00,0.00,0.00,-0.01,0,
"9e062fca-32d1-49bc-94d4-4008bd7d1520","7eb857eb-c257-4439-8d3a-080dc8dd3f8c","D10","ARIK","ARIK.AOS.discharge","DSTETSON","2015-08-04T21:58Z","2015-08-04T21:58Z",17,3.20,"1 point",0.07,"-",0.00,0.00,0.00,0.00,0.00,0.00,0.00,0.00,-0.01,0,
"2581bd69-670b-426b-958e-a41b169e8cff","7eb857eb-c257-4439-8d3a-080dc8dd3f8c","D10","ARIK","ARIK.AOS.discharge","DSTETSON","2015-08-04T21:58Z","2015-08-04T21:58Z",14,3.00,"1 point",0.08,"-",0.00,0.00,0.00,0.00,0.00,0.00,0.00,0.00,-0.02,0,
"ba91359b-30f8-4fe3-88a0-df74fcc1b21b","7eb857eb-c257-4439-8d3a-080dc8dd3f8c","D10","ARIK","ARIK.AOS.discharge","DSTETSON","2015-08-04T21:58Z","2015-08-04T21:58Z",6,2.15,"1 point",0.12,"-",0.00,0.00,0.00,0.00,0.00,0.00,0.00,0.01,-0.01,0,
"d066acc5-3da9-4c66-ab9f-626cc5921f3e","7eb857eb-c257-4439-8d3a-080dc8dd3f8c","D10","ARIK","ARIK.AOS.discharge","DSTETSON","2015-08-04T21:58Z","2015-08-04T21:58Z",12,2.81,"1 point",0.09,"-",0.00,0.00,0.00,0.00,0.00,0.00,0.00,0.01,-0.02,0,
"8eef9508-df42-4e4d-9b70-44fd82c8f46d","7eb857eb-c257-4439-8d3a-080dc8dd3f8c","D10","ARIK","ARIK.AOS.discharge","DSTETSON","2015-08-04T21:58Z","2015-08-04T21:58Z",3,1.82,"1 point",0.07,"-",0.00,0.00,0.00,0.00,0.00,0.00,0.00,0.01,-0.04,0,
"6a43a8f3-569f-43ce-bef5-e943a8f164cf","7eb857eb-c257-4439-8d3a-080dc8dd3f8c","D10","ARIK","ARIK.AOS.discharge","DSTETSON","2015-08-04T21:58Z","2015-08-04T21:58Z",15,3.05,"1 point",0.08,"-",0.00,0.00,0.00,0.00,0.00,0.00,0.00,0.00,-0.03,0,
"bf2a7fa8-728f-4572-9c06-e70a5f74ef6c","7eb857eb-c257-4439-8d3a-080dc8dd3f8c","D10","ARIK","ARIK.AOS.discharge","DSTETSON","2015-08-04T21:58Z","2015-08-04T21:58Z",4,1.93,"1 point",0.08,"-",0.00,0.00,0.00,0.00,0.00,0.00,0.00,0.01,-0.03,0,
"84f7317d-909a-4773-9291-7fb99d1ec5f8","7eb857eb-c257-4439-8d3a-080dc8dd3f8c","D10","ARIK","ARIK.AOS.discharge","DSTETSON","2015-08-04T21:58Z","2015-08-04T21:58Z",11,2.69,"1 point",0.10,"-",0.00,0.00,0.00,0.00,0.00,0.00,0.00,0.01,-0.05,0,
"d52f172b-c0ff-485b-b524-1f70a29e7c98","7eb857eb-c257-4439-8d3a-080dc8dd3f8c","D10","ARIK","ARIK.AOS.discharge","DSTETSON","2015-08-04T21:58Z","2015-08-04T21:58Z",10,2.58,"1 point",0.10,"-",0.00,0.00,0.00,0.00,0.00,0.00,0.00,0.01,-0.01,0,
"45b8bf85-5d64-4020-8d2e-354872fb3485","7eb857eb-c257-4439-8d3a-080dc8dd3f8c","D10","ARIK","ARIK.AOS.discharge","DSTETSON","2015-08-04T21:58Z","2015-08-04T21:58Z",9,2.47,"1 point",0.11,"-",0.00,0.00,0.00,0.00,0.00,0.00,0.00,0.01,-0.05,0,
"13194542-cd19-4412-91e7-2537126537ff","7eb857eb-c257-4439-8d3a-080dc8dd3f8c","D10","ARIK","ARIK.AOS.discharge","DSTETSON","2015-08-04T21:58Z","2015-08-04T21:58Z",8,2.37,"1 point",0.12,"-",0.00,0.00,0.00,0.00,0.00,0.00,0.00,0.01,-0.03,0,
"2699ebfc-2ce2-4f4c-a31a-e0f8fc5cf2c2","7eb857eb-c257-4439-8d3a-080dc8dd3f8c","D10","ARIK","ARIK.AOS.discharge","DSTETSON","2015-08-04T21:58Z","2015-08-04T21:58Z",18,3.29,"1 point",0.06,"-",0.00,0.00,0.00,-0.01,0.00,0.00,-0.01,0.00,-0.03,1,
"bdb08949-d860-49f0-a03b-df94caebea73","7eb857eb-c257-4439-8d3a-080dc8dd3f8c","D10","ARIK","ARIK.AOS.discharge","DSTETSON","2015-08-04T21:58Z","2015-08-04T21:58Z",2,1.71,"1 point",0.04,"-",0.00,0.00,0.00,0.00,0.00,0.00,0.00,0.00,0.00,0,
"3b3a9d80-ba7b-4564-be75-3154e390f601","7eb857eb-c257-4439-8d3a-080dc8dd3f8c","D10","ARIK","ARIK.AOS.discharge","DSTETSON","2015-08-04T21:58Z","2015-08-04T21:58Z",7,2.26,"1 point",0.12,"-",0.00,0.00,0.00,0.00,0.00,0.00,0.00,0.01,-0.08,0,
"016bbfcb-474e-40c8-88b3-cff0cc62ec3f","7eb857eb-c257-4439-8d3a-080dc8dd3f8c","D10","ARIK","ARIK.AOS.discharge","DSTETSON","2015-08-04T21:58Z","2015-08-04T21:58Z",5,2.04,"1 point",0.10,"-",0.00,0.00,0.00,0.00,0.00,0.00,0.00,0.01,-0.04,0,
"575458e6-4224-473c-856d-ea67f399e07a","34da80b0-c636-4309-aebf-00f8a0711f20","D10","ARIK","ARIK.AOS.discharge","DMONAHAN","2015-08-31T16:45Z","2015-08-31T16:45Z",18,4.00,"1 point",0.06,"-",0.00,0.00,0.00,0.01,0.00,0.00,0.01,0.00,0.06,0,
"cf595c37-274f-4d0c-8d12-c612c38961e5","34da80b0-c636-4309-aebf-00f8a0711f20","D10","ARIK","ARIK.AOS.discharge","DMONAHAN","2015-08-31T16:45Z","2015-08-31T16:45Z",5,2.10,"1 point",0.16,"-",0.00,0.00,0.00,0.00,0.00,0.00,0.00,0.02,0.07,0,
"157a9b4b-b673-42e2-bb41-3fae20d113b0","34da80b0-c636-4309-aebf-00f8a0711f20","D10","ARIK","ARIK.AOS.discharge","DMONAHAN","2015-08-31T16:45Z","2015-08-31T16:45Z",14,3.50,"1 point",0.10,"-",0.00,0.00,0.00,0.02,0.00,0.00,0.02,0.02,0.39,0,
"79283add-e91b-4af0-8445-277281ff76d1","34da80b0-c636-4309-aebf-00f8a0711f20","D10","ARIK","ARIK.AOS.discharge","DMONAHAN","2015-08-31T16:45Z","2015-08-31T16:45Z",16,3.85,"1 point",0.10,"-",0.00,0.00,0.00,0.00,0.00,0.00,0.00,0.01,0.05,0,
"7896a72a-e638-4176-9a11-bfe82613b783","34da80b0-c636-4309-aebf-00f8a0711f20","D10","ARIK","ARIK.AOS.discharge","DMONAHAN","2015-08-31T16:45Z","2015-08-31T16:45Z",9,2.75,"1 point",0.14,"-",0.00,0.00,0.00,0.00,0.00,0.00,0.00,0.02,-0.06,0,
"f5dd3000-f7f1-4d42-853d-516c14934c44","34da80b0-c636-4309-aebf-00f8a0711f20","D10","ARIK","ARIK.AOS.discharge","DMONAHAN","2015-08-31T16:45Z","2015-08-31T16:45Z",20,4.20,"0 point",0.00,"-",0.00,0.00,0.00,0.00,0.00,0.00,0.00,0.00,0.00,0,
"d728ba51-3436-4e7a-93d9-e6008c4c3641","34da80b0-c636-4309-aebf-00f8a0711f20","D10","ARIK","ARIK.AOS.discharge","DMONAHAN","2015-08-31T16:45Z","2015-08-31T16:45Z",8,2.55,"1 point",0.14,"-",0.00,0.00,0.00,0.02,0.00,0.00,0.02,0.07,1.44,0,
"f3748cd1-e238-495e-8967-f114bee3f119","34da80b0-c636-4309-aebf-00f8a0711f20","D10","ARIK","ARIK.AOS.discharge","DMONAHAN","2015-08-31T16:45Z","2015-08-31T16:45Z",15,3.70,"1 point",0.10,"-",0.00,0.00,0.00,-0.01,0.00,0.00,-0.01,0.02,-0.17,1,
"838dacef-b988-49a0-bdbf-7eeb899a4fe8","34da80b0-c636-4309-aebf-00f8a0711f20","D10","ARIK","ARIK.AOS.discharge","DMONAHAN","2015-08-31T16:45Z","2015-08-31T16:45Z",6,2.25,"1 point",0.16,"-",0.00,0.00,0.00,0.00,0.00,0.00,0.00,0.10,0.02,0,
"2e1f1beb-00db-45a1-b060-db3583c07425","34da80b0-c636-4309-aebf-00f8a0711f20","D10","ARIK","ARIK.AOS.discharge","DMONAHAN","2015-08-31T16:45Z","2015-08-31T16:45Z",19,4.10,"1 point",0.06,"-",0.00,0.00,0.00,0.00,0.00,0.00,0.00,0.00,0.04,0,
"bb6966c1-c4d2-478c-83d7-657aa019d039","34da80b0-c636-4309-aebf-00f8a0711f20","D10","ARIK","ARIK.AOS.discharge","DMONAHAN","2015-08-31T16:45Z","2015-08-31T16:45Z",10,2.90,"1 point",0.12,"-",0.00,0.00,0.00,0.02,0.00,0.00,0.02,0.02,0.44,0,
"6de8b78c-1dca-432e-a64a-0010b59a7d98","34da80b0-c636-4309-aebf-00f8a0711f20","D10","ARIK","ARIK.AOS.discharge","DMONAHAN","2015-08-31T16:45Z","2015-08-31T16:45Z",12,3.20,"1 point",0.10,"-",0.00,0.00,0.00,0.02,0.00,0.00,0.02,0.01,0.31,0,
"ca0816b8-025e-4cb7-a200-d6073c8c7a0d","34da80b0-c636-4309-aebf-00f8a0711f20","D10","ARIK","ARIK.AOS.discharge","DMONAHAN","2015-08-31T16:45Z","2015-08-31T16:45Z",4,1.95,"1 point",0.16,"-",0.00,0.00,0.00,0.00,0.00,0.00,0.00,0.02,-0.11,0,
"3b1e0f13-9ed9-4e4a-85e1-86a08365cc23","34da80b0-c636-4309-aebf-00f8a0711f20","D10","ARIK","ARIK.AOS.discharge","DMONAHAN","2015-08-31T16:45Z","2015-08-31T16:45Z",7,2.40,"1 point",0.16,"-",0.00,0.00,0.00,0.00,0.00,0.00,0.00,0.16,0.24,0,
"cb688d97-fcf9-4c6b-baff-8274d4a90881","34da80b0-c636-4309-aebf-00f8a0711f20","D10","ARIK","ARIK.AOS.discharge","DMONAHAN","2015-08-31T16:45Z","2015-08-31T16:45Z",3,1.80,"1 point",0.16,"-",0.00,0.00,0.00,0.00,0.00,0.00,0.00,0.02,0.08,0,
"8c478e82-3c19-43ef-a014-4ecd5e08e92c","34da80b0-c636-4309-aebf-00f8a0711f20","D10","ARIK","ARIK.AOS.discharge","DMONAHAN","2015-08-31T16:45Z","2015-08-31T16:45Z",1,1.50,"0 point",0.00,"-",0.00,0.00,0.00,0.00,0.00,0.00,0.00,0.00,0.00,0,
"a01b150d-f29e-4ce1-afc6-76fabf998c51","34da80b0-c636-4309-aebf-00f8a0711f20","D10","ARIK","ARIK.AOS.discharge","DMONAHAN","2015-08-31T16:45Z","2015-08-31T16:45Z",13,3.35,"1 point",0.10,"-",0.00,0.00,0.00,0.00,0.00,0.00,0.00,0.01,0.08,0,
"5e69333f-b1ce-4ca2-997a-5eb87e22ee14","34da80b0-c636-4309-aebf-00f8a0711f20","D10","ARIK","ARIK.AOS.discharge","DMONAHAN","2015-08-31T16:45Z","2015-08-31T16:45Z",2,1.70,"1 point",0.12,"-",0.00,0.00,0.00,0.01,0.00,0.00,0.01,0.02,0.16,0,
"b3c97bd4-9671-477a-af37-02a38125a763","34da80b0-c636-4309-aebf-00f8a0711f20","D10","ARIK","ARIK.AOS.discharge","DMONAHAN","2015-08-31T16:45Z","2015-08-31T16:45Z",17,3.95,"1 point",0.06,"-",0.00,0.00,0.00,-0.01,0.00,0.00,-0.01,0.00,-0.03,1,
"b0a585fc-1009-4149-ab35-5b2c4657e4e3","34da80b0-c636-4309-aebf-00f8a0711f20","D10","ARIK","ARIK.AOS.discharge","DMONAHAN","2015-08-31T16:45Z","2015-08-31T16:45Z",11,3.05,"1 point",0.12,"-",0.00,0.00,0.00,0.00,0.00,0.00,0.00,0.02,-0.10,0,
