uid,recorduid,domainID,siteID,namedLocation,collectedBy,startDate,collectDate,streamStage,streamStageUnits,handheldDeviceID,velocitySensorID,filterParamTime,stationEntryTest,flowCalculation,waterEdge,totalDischarge,totalDischargeUnits,samplingProtocolVersion,averageVelocityUnits,waterDepthUnits,tapeDistanceUnits,flowCalcQF,dischargeUnitsQF,streamStageUnitsQF,averageVelocityUnitsQF,waterDepthUnitsQF,tapeDistanceUnitsQF,lowVelocityFinalQF,dataQF
"090c5550-ffdc-4612-9c4c-3fa71b341671","26fe83ca-8dbe-4c43-b4ab-041d5d23714c","D10","ARIK","ARIK.AOS.discharge","CDT","2017-11-06T07:58Z","2017-11-06T07:58Z",0.24,"meter","000000336859","152430337660",15.0,"Non-fixed","Mid-section","Right edge water",10.74,"litersPerSecond","NEON.DOC.001085vD","meterPerSecond","meter","meter","0",0,0,0,0,0,15,
"b20495a1-f1ce-4ad9-9990-04f41b87e6bf","615fffd1-d125-4619-a245-ed370cd04805","D10","ARIK","ARIK.AOS.discharge","CDT","2017-11-07T16:39Z","2017-11-07T16:39Z",0.26,"meter","000000336859","152430337660",15.0,"Non-fixed","Mid-section","Right edge water",11.73,"litersPerSecond","NEON.DOC.001085vD","meterPerSecond","meter","meter","0",0,0,0,0,0,15,
"8ee9e649-4417-401f-81f7-0f9a7706d3b5","8524323e-3722-4faa-a125-5aaec9ab54f1","D10","ARIK","ARIK.AOS.discharge","JSWENSON","2017-11-29T21:57Z","2017-11-29T21:57Z",0.28,"meter","000000336859","152430337660",15.0,"Non-fixed","Mid-section","Right edge water",20.56,"litersPerSecond","NEON.DOC.001085vD","meterPerSecond","meter","meter","0",0,0,0,0,0,0,
"1834dccf-8291-40b1-bc4b-9f51eaeb38cb","f61899e7-721b-4c85-9509-bca2a4e54326","D10","ARIK","ARIK.AOS.discharge","JSWENSON","2017-11-29T21:57Z","2017-11-29T21:57Z",0.28,"meter","000000336859","152430337660",15.0,"Non-fixed","Mid-section","Right edge water",20.56,"litersPerSecond","NEON.DOC.001085vD","meterPerSecond","meter","meter","0",0,0,0,0,0,0,
