uid,recorduid,domainID,siteID,namedLocation,collectedBy,startDate,collectDate,stationNumber,tapeDistance,streamProfilingMethod,waterDepth,edgeFactor,surfaceVelocity,oneFifthDepthVelocity,twoFifthDepthVelocity,threeFifthDepthVelocity,fourFifthDepthVelocity,bedVelocity,averageVelocity,sectionArea,sectionFlow,lowVelocityQF,dataQF
"8554a823-807a-43fb-956a-7b60814fb198","3f7abed6-da88-4e92-b1e4-068a8f035a38","D10","ARIK","ARIK.AOS.discharge","DMONAHAN","2015-04-07T17:14Z","2015-04-07T17:14Z",9,2.55,"1 point",0.42,"-",0.00,0.00,0.00,0.05,0.00,0.00,0.05,0.06,3.52,0,
"68e932c7-0feb-4d89-9542-cd375bdf5a9b","3f7abed6-da88-4e92-b1e4-068a8f035a38","D10","ARIK","ARIK.AOS.discharge","DMONAHAN","2015-04-07T17:14Z","2015-04-07T17:14Z",6,2.10,"1 point",0.42,"-",0.00,0.00,0.00,0.08,0.00,0.00,0.08,0.06,5.10,0,
"98ea9230-a716-4df6-812a-4bcd80e0d24b","3f7abed6-da88-4e92-b1e4-068a8f035a38","D10","ARIK","ARIK.AOS.discharge","DMONAHAN","2015-04-07T17:14Z","2015-04-07T17:14Z",20,4.20,"1 point",0.02,"-",0.00,0.00,0.00,0.02,0.00,0.00,0.02,0.00,0.05,0,
"7897f072-33a7-4b11-b29f-8ba64fe77da1","3f7abed6-da88-4e92-b1e4-068a8f035a38","D10","ARIK","ARIK.AOS.discharge","DMONAHAN","2015-04-07T17:14Z","2015-04-07T17:14Z",18,3.90,"1 point",0.12,"-",0.00,0.00,0.00,0.05,0.00,0.00,0.05,0.02,0.83,0,
"ff823f32-eef4-44ef-aae0-700730ee58df","3f7abed6-da88-4e92-b1e4-068a8f035a38","D10","ARIK","ARIK.AOS.discharge","DMONAHAN","2015-04-07T17:14Z","2015-04-07T17:14Z",5,1.95,"1 point",0.38,"-",0.00,0.00,0.00,0.09,0.00,0.00,0.09,0.06,5.38,0,
"59618e30-ffa7-4f7d-87bd-e167fb943392","3f7abed6-da88-4e92-b1e4-068a8f035a38","D10","ARIK","ARIK.AOS.discharge","DMONAHAN","2015-04-07T17:14Z","2015-04-07T17:14Z",21,4.35,"0 point",0.00,"-",0.00,0.00,0.00,0.00,0.00,0.00,0.00,0.00,0.00,0,
"6ae479ad-7df1-45bc-ba33-332de30bb495","3f7abed6-da88-4e92-b1e4-068a8f035a38","D10","ARIK","ARIK.AOS.discharge","DMONAHAN","2015-04-07T17:14Z","2015-04-07T17:14Z",19,4.05,"1 point",0.02,"-",0.00,0.00,0.00,0.02,0.00,0.00,0.02,0.00,0.06,0,
"c8d21d0c-1100-4802-bbd8-222d2ae2d6f9","3f7abed6-da88-4e92-b1e4-068a8f035a38","D10","ARIK","ARIK.AOS.discharge","DMONAHAN","2015-04-07T17:14Z","2015-04-07T17:14Z",17,3.75,"1 point",0.14,"-",0.00,0.00,0.00,0.04,0.00,0.00,0.04,0.02,0.95,0,
"d793af05-9204-44bd-b2be-de9b2aa5f576","3f7abed6-da88-4e92-b1e4-068a8f035a38","D10","ARIK","ARIK.AOS.discharge","DMONAHAN","2015-04-07T17:14Z","2015-04-07T17:14Z",3,1.65,"1 point",0.28,"-",0.00,0.00,0.00,0.07,0.00,0.00,0.07,0.04,3.10,0,
"30eaf962-339b-4653-af95-0c400f3facdf","3f7abed6-da88-4e92-b1e4-068a8f035a38","D10","ARIK","ARIK.AOS.discharge","DMONAHAN","2015-04-07T17:14Z","2015-04-07T17:14Z",4,1.80,"1 point",0.34,"-",0.00,0.00,0.00,0.11,0.00,0.00,0.11,0.05,5.62,0,
"34e414ac-34e4-474c-88fd-892999f4779f","3f7abed6-da88-4e92-b1e4-068a8f035a38","D10","ARIK","ARIK.AOS.discharge","DMONAHAN","2015-04-07T17:14Z","2015-04-07T17:14Z",11,2.85,"1 point",0.36,"-",0.00,0.00,0.00,0.08,0.00,0.00,0.08,0.05,4.39,0,
"23831cd1-5f16-4b90-b02e-fe671987bcde","3f7abed6-da88-4e92-b1e4-068a8f035a38","D10","ARIK","ARIK.AOS.discharge","DMONAHAN","2015-04-07T17:14Z","2015-04-07T17:14Z",1,1.35,"0 point",0.00,"-",0.00,0.00,0.00,0.00,0.00,0.00,0.00,0.00,0.00,0,
"8fa723e0-9648-43e3-afa7-9bb1bde361ec","3f7abed6-da88-4e92-b1e4-068a8f035a38","D10","ARIK","ARIK.AOS.discharge","DMONAHAN","2015-04-07T17:14Z","2015-04-07T17:14Z",14,3.30,"1 point",0.20,"-",0.00,0.00,0.00,0.11,0.00,0.00,0.11,0.03,3.21,0,
"b56ad41a-a86a-472c-90be-e7cd8b5399c0","3f7abed6-da88-4e92-b1e4-068a8f035a38","D10","ARIK","ARIK.AOS.discharge","DMONAHAN","2015-04-07T17:14Z","2015-04-07T17:14Z",13,3.15,"1 point",0.24,"-",0.00,0.00,0.00,0.02,0.00,0.00,0.02,0.04,0.79,0,
"49e53451-d9ad-46a1-86b6-3c5dcc061d13","3f7abed6-da88-4e92-b1e4-068a8f035a38","D10","ARIK","ARIK.AOS.discharge","DMONAHAN","2015-04-07T17:14Z","2015-04-07T17:14Z",8,2.40,"1 point",0.42,"-",0.00,0.00,0.00,0.05,0.00,0.00,0.05,0.06,3.17,0,
"b576d1e0-6185-4432-b8ff-7e190e6cbd43","3f7abed6-da88-4e92-b1e4-068a8f035a38","D10","ARIK","ARIK.AOS.discharge","DMONAHAN","2015-04-07T17:14Z","2015-04-07T17:14Z",16,3.60,"1 point",0.12,"-",0.00,0.00,0.00,0.05,0.00,0.00,0.05,0.02,0.96,0,
"5a369ada-6ff4-4fa1-84da-3fcece351335","3f7abed6-da88-4e92-b1e4-068a8f035a38","D10","ARIK","ARIK.AOS.discharge","DMONAHAN","2015-04-07T17:14Z","2015-04-07T17:14Z",7,2.25,"1 point",0.40,"-",0.00,0.00,0.00,0.08,0.00,0.00,0.08,0.06,4.74,0,
"64f5a928-32a0-4bb1-b5e9-0c7804919d96","3f7abed6-da88-4e92-b1e4-068a8f035a38","D10","ARIK","ARIK.AOS.discharge","DMONAHAN","2015-04-07T17:14Z","2015-04-07T17:14Z",2,1.50,"1 point",0.25,"-",0.00,0.00,0.00,0.06,0.00,0.00,0.06,0.04,2.43,0,
"e4ebfe9c-8d8b-4afa-a2f1-8b825a9450c6","3f7abed6-da88-4e92-b1e4-068a8f035a38","D10","ARIK","ARIK.AOS.discharge","DMONAHAN","2015-04-07T17:14Z","2015-04-07T17:14Z",15,3.45,"1 point",0.18,"-",0.00,0.00,0.00,0.04,0.00,0.00,0.04,0.03,1.05,0,
"d2f3cc40-22e5-4565-9bfa-48e4cd063a56","3f7abed6-da88-4e92-b1e4-068a8f035a38","D10","ARIK","ARIK.AOS.discharge","DMONAHAN","2015-04-07T17:14Z","2015-04-07T17:14Z",10,2.70,"1 point",0.40,"-",0.00,0.00,0.00,0.07,0.00,0.00,0.07,0.06,4.22,0,
"a9b12b99-8a9b-4c2c-988a-63591fdaef58","3f7abed6-da88-4e92-b1e4-068a8f035a38","D10","ARIK","ARIK.AOS.discharge","DMONAHAN","2015-04-07T17:14Z","2015-04-07T17:14Z",12,3.00,"1 point",0.28,"-",0.00,0.00,0.00,0.02,0.00,0.00,0.02,0.04,0.93,0,
