uid,recorduid,domainID,siteID,namedLocation,collectedBy,startDate,collectDate,stationNumber,tapeDistance,streamProfilingMethod,waterDepth,edgeFactor,surfaceVelocity,oneFifthDepthVelocity,twoFifthDepthVelocity,threeFifthDepthVelocity,fourFifthDepthVelocity,bedVelocity,averageVelocity,sectionArea,sectionFlow,lowVelocityQF,dataQF
"40396850-43cb-427d-b0e1-b08c8b8a712f","9fb8ef6e-b9ee-4290-84bc-429ca437cc4d","D10","ARIK","ARIK.AOS.discharge","SDIXON","2019-02-05T07:26Z","2019-02-05T07:26Z",6,1.90,"1 point",0.32,"-",0.00,0.00,0.00,0.12,0.00,0.00,0.12,0.02,1.88,0,
"e0a9ec1f-b5cc-4075-984f-68383b40f1b9","9fb8ef6e-b9ee-4290-84bc-429ca437cc4d","D10","ARIK","ARIK.AOS.discharge","SDIXON","2019-02-05T07:26Z","2019-02-05T07:26Z",19,3.00,"1 point",0.23,"-",0.00,0.00,0.00,0.01,0.00,0.00,0.01,0.02,0.15,1,
"7c1c9abd-edcd-4d78-b148-9053e871b250","9fb8ef6e-b9ee-4290-84bc-429ca437cc4d","D10","ARIK","ARIK.AOS.discharge","SDIXON","2019-02-05T07:26Z","2019-02-05T07:26Z",7,2.00,"1 point",0.32,"-",0.00,0.00,0.00,0.11,0.00,0.00,0.11,0.02,2.53,0,
"fb966d52-2be8-45d8-948b-c6b29b0de999","9fb8ef6e-b9ee-4290-84bc-429ca437cc4d","D10","ARIK","ARIK.AOS.discharge","SDIXON","2019-02-05T07:26Z","2019-02-05T07:26Z",20,3.10,"1 point",0.20,"-",0.00,0.00,0.00,0.01,0.00,0.00,0.01,0.02,0.21,0,
"6945babc-01db-4d14-b2d5-83db2de9eb87","9fb8ef6e-b9ee-4290-84bc-429ca437cc4d","D10","ARIK","ARIK.AOS.discharge","SDIXON","2019-02-05T07:26Z","2019-02-05T07:26Z",12,2.35,"1 point",0.29,"-",0.00,0.00,0.00,0.04,0.00,0.00,0.04,0.01,0.64,0,
"52a128b7-4858-4005-888d-6d8b42bb0c50","9fb8ef6e-b9ee-4290-84bc-429ca437cc4d","D10","ARIK","ARIK.AOS.discharge","SDIXON","2019-02-05T07:26Z","2019-02-05T07:26Z",1,1.30,"0 point",0.00,"-",0.00,0.00,0.00,0.00,0.00,0.00,0.00,0.00,0.00,0,
"7df8e8c1-f589-4f3f-8368-4f328b005668","9fb8ef6e-b9ee-4290-84bc-429ca437cc4d","D10","ARIK","ARIK.AOS.discharge","SDIXON","2019-02-05T07:26Z","2019-02-05T07:26Z",18,2.90,"1 point",0.27,"-",0.00,0.00,0.00,0.04,0.00,0.00,0.04,0.03,1.06,0,
"216b40ed-a0d2-4e75-bace-83d205d7bd57","9fb8ef6e-b9ee-4290-84bc-429ca437cc4d","D10","ARIK","ARIK.AOS.discharge","SDIXON","2019-02-05T07:26Z","2019-02-05T07:26Z",11,2.30,"1 point",0.30,"-",0.00,0.00,0.00,0.05,0.00,0.00,0.05,0.02,1.22,0,
"95a84dc3-02f4-4492-8ec5-718feb7f6dd9","9fb8ef6e-b9ee-4290-84bc-429ca437cc4d","D10","ARIK","ARIK.AOS.discharge","SDIXON","2019-02-05T07:26Z","2019-02-05T07:26Z",9,2.10,"1 point",0.30,"-",0.00,0.00,0.00,0.16,0.00,0.00,0.16,0.02,3.66,0,
"e86c5ee0-15f6-4639-8cc4-337fcfc1ef4f","9fb8ef6e-b9ee-4290-84bc-429ca437cc4d","D10","ARIK","ARIK.AOS.discharge","SDIXON","2019-02-05T07:26Z","2019-02-05T07:26Z",8,2.05,"1 point",0.30,"-",0.00,0.00,0.00,0.20,0.00,0.00,0.20,0.02,3.05,0,
"7dd29207-a2b1-4ed5-97a6-2fd2b417df82","9fb8ef6e-b9ee-4290-84bc-429ca437cc4d","D10","ARIK","ARIK.AOS.discharge","SDIXON","2019-02-05T07:26Z","2019-02-05T07:26Z",3,1.60,"1 point",0.26,"-",0.00,0.00,0.00,0.03,0.00,0.00,0.03,0.03,0.89,0,
"3c37ae4d-27d5-46eb-aea5-766c62477a61","9fb8ef6e-b9ee-4290-84bc-429ca437cc4d","D10","ARIK","ARIK.AOS.discharge","SDIXON","2019-02-05T07:26Z","2019-02-05T07:26Z",22,3.30,"0 point",0.00,"-",0.00,0.00,0.00,0.00,0.00,0.00,0.00,0.00,0.00,0,
"f3de03e9-992a-4135-92ee-97fc8db103fc","9fb8ef6e-b9ee-4290-84bc-429ca437cc4d","D10","ARIK","ARIK.AOS.discharge","SDIXON","2019-02-05T07:26Z","2019-02-05T07:26Z",16,2.70,"1 point",0.29,"-",0.00,0.00,0.00,0.05,0.00,0.00,0.05,0.03,1.30,0,
"36797745-04be-4d00-aa5c-0ec7687eb5f0","9fb8ef6e-b9ee-4290-84bc-429ca437cc4d","D10","ARIK","ARIK.AOS.discharge","SDIXON","2019-02-05T07:26Z","2019-02-05T07:26Z",15,2.60,"1 point",0.29,"-",0.00,0.00,0.00,0.07,0.00,0.00,0.07,0.03,2.07,0,
"eaf8fa6f-882f-409d-8ec4-3183bcd5a3d7","9fb8ef6e-b9ee-4290-84bc-429ca437cc4d","D10","ARIK","ARIK.AOS.discharge","SDIXON","2019-02-05T07:26Z","2019-02-05T07:26Z",5,1.80,"1 point",0.30,"-",0.00,0.00,0.00,0.08,0.00,0.00,0.08,0.03,2.36,0,
"4958afe5-7649-44d9-99c6-44350dfbd420","9fb8ef6e-b9ee-4290-84bc-429ca437cc4d","D10","ARIK","ARIK.AOS.discharge","SDIXON","2019-02-05T07:26Z","2019-02-05T07:26Z",2,1.50,"1 point",0.27,"-",0.00,0.00,0.00,0.02,0.00,0.00,0.02,0.04,0.75,0,
"451e2687-2101-4512-bf4c-484f9dcd4649","9fb8ef6e-b9ee-4290-84bc-429ca437cc4d","D10","ARIK","ARIK.AOS.discharge","SDIXON","2019-02-05T07:26Z","2019-02-05T07:26Z",13,2.40,"1 point",0.29,"-",0.00,0.00,0.00,0.04,0.00,0.00,0.04,0.02,0.83,0,
"12b3a10f-e7b5-4fde-bc21-228dfe805ad1","9fb8ef6e-b9ee-4290-84bc-429ca437cc4d","D10","ARIK","ARIK.AOS.discharge","SDIXON","2019-02-05T07:26Z","2019-02-05T07:26Z",17,2.80,"1 point",0.29,"-",0.00,0.00,0.00,0.05,0.00,0.00,0.05,0.03,1.57,0,
"eb745132-b3ce-45c4-8ee0-5402520d344d","9fb8ef6e-b9ee-4290-84bc-429ca437cc4d","D10","ARIK","ARIK.AOS.discharge","SDIXON","2019-02-05T07:26Z","2019-02-05T07:26Z",4,1.70,"1 point",0.28,"-",0.00,0.00,0.00,0.05,0.00,0.00,0.05,0.04,2.29,0,
"f32bda75-cc10-476f-8fe5-949c1a4d234c","9fb8ef6e-b9ee-4290-84bc-429ca437cc4d","D10","ARIK","ARIK.AOS.discharge","SDIXON","2019-02-05T07:26Z","2019-02-05T07:26Z",14,2.50,"1 point",0.29,"-",0.00,0.00,0.00,0.04,0.00,0.00,0.04,0.03,1.19,0,
"67e220f5-6a54-49ff-ae3b-978fef3572d2","9fb8ef6e-b9ee-4290-84bc-429ca437cc4d","D10","ARIK","ARIK.AOS.discharge","SDIXON","2019-02-05T07:26Z","2019-02-05T07:26Z",21,3.20,"1 point",0.18,"-",0.00,0.00,0.00,0.01,0.00,0.00,0.01,0.02,0.15,1,
"b5dfebb0-901f-469b-add7-9c9fb720ee2a","9fb8ef6e-b9ee-4290-84bc-429ca437cc4d","D10","ARIK","ARIK.AOS.discharge","SDIXON","2019-02-05T07:26Z","2019-02-05T07:26Z",10,2.20,"1 point",0.28,"-",0.00,0.00,0.00,0.08,0.00,0.00,0.08,0.03,2.25,0,
"a7d5db5f-835a-4ac6-8ba6-a8a139d07fc8","56d81c6c-cfc6-476c-a897-ae1dee94f091","D10","ARIK","ARIK.AOS.discharge","RLEHRTER","2019-02-27T00:31Z","2019-02-27T00:31Z",7,1.90,"1 point",0.28,"-",0.00,0.00,0.00,0.15,0.00,0.00,0.15,0.02,3.09,0,
"0603a010-bffd-47c4-8b40-7a8592b01552","56d81c6c-cfc6-476c-a897-ae1dee94f091","D10","ARIK","ARIK.AOS.discharge","RLEHRTER","2019-02-27T00:31Z","2019-02-27T00:31Z",17,2.60,"1 point",0.27,"-",0.00,0.00,0.00,0.07,0.00,0.00,0.07,0.03,1.94,0,
"132ddfb3-036f-49e7-a373-a95009b630ef","56d81c6c-cfc6-476c-a897-ae1dee94f091","D10","ARIK","ARIK.AOS.discharge","RLEHRTER","2019-02-27T00:31Z","2019-02-27T00:31Z",16,2.50,"1 point",0.28,"-",0.00,0.00,0.00,0.06,0.00,0.00,0.06,0.03,1.59,0,
"5a14ee6a-e263-4d4d-97e1-0db2e7a65175","56d81c6c-cfc6-476c-a897-ae1dee94f091","D10","ARIK","ARIK.AOS.discharge","RLEHRTER","2019-02-27T00:31Z","2019-02-27T00:31Z",9,2.00,"1 point",0.28,"-",0.00,0.00,0.00,0.20,0.00,0.00,0.20,0.01,2.78,0,
"282e5660-1bb7-4bf9-8d84-37108621867e","56d81c6c-cfc6-476c-a897-ae1dee94f091","D10","ARIK","ARIK.AOS.discharge","RLEHRTER","2019-02-27T00:31Z","2019-02-27T00:31Z",21,3.00,"1 point",0.21,"-",0.00,0.00,0.00,0.03,0.00,0.00,0.03,0.02,0.65,0,
"14c5419e-2ec9-40fe-98e6-2d50cb40458c","56d81c6c-cfc6-476c-a897-ae1dee94f091","D10","ARIK","ARIK.AOS.discharge","RLEHRTER","2019-02-27T00:31Z","2019-02-27T00:31Z",4,1.60,"1 point",0.24,"-",0.00,0.00,0.00,0.02,0.00,0.00,0.02,0.02,0.57,0,
"e5fe4c86-90ea-4715-8c8e-3598e9f9b9d9","56d81c6c-cfc6-476c-a897-ae1dee94f091","D10","ARIK","ARIK.AOS.discharge","RLEHRTER","2019-02-27T00:31Z","2019-02-27T00:31Z",15,2.40,"1 point",0.28,"-",0.00,0.00,0.00,0.05,0.00,0.00,0.05,0.03,1.36,0,
"a49cc5aa-4b4f-445c-aa2d-b52a9ffbd8ba","56d81c6c-cfc6-476c-a897-ae1dee94f091","D10","ARIK","ARIK.AOS.discharge","RLEHRTER","2019-02-27T00:31Z","2019-02-27T00:31Z",12,2.15,"1 point",0.30,"-",0.00,0.00,0.00,0.12,0.00,0.00,0.12,0.02,1.81,0,
"c35bc21f-86a1-4dd6-9e16-0534363bdbca","56d81c6c-cfc6-476c-a897-ae1dee94f091","D10","ARIK","ARIK.AOS.discharge","RLEHRTER","2019-02-27T00:31Z","2019-02-27T00:31Z",19,2.80,"1 point",0.26,"-",0.00,0.00,0.00,0.07,0.00,0.00,0.07,0.03,1.91,0,
"6e089c50-d28e-42ac-8ef2-fd31d6bd6533","56d81c6c-cfc6-476c-a897-ae1dee94f091","D10","ARIK","ARIK.AOS.discharge","RLEHRTER","2019-02-27T00:31Z","2019-02-27T00:31Z",24,3.30,"0 point",0.00,"-",0.00,0.00,0.00,0.00,0.00,0.00,0.00,0.00,0.00,0,
"c6f4e7a7-a637-416e-bc38-eec5883bcf77","56d81c6c-cfc6-476c-a897-ae1dee94f091","D10","ARIK","ARIK.AOS.discharge","RLEHRTER","2019-02-27T00:31Z","2019-02-27T00:31Z",13,2.20,"1 point",0.27,"-",0.00,0.00,0.00,0.12,0.00,0.00,0.12,0.02,2.45,0,
"e69fef4b-85bb-425d-bfda-65474260a2c8","56d81c6c-cfc6-476c-a897-ae1dee94f091","D10","ARIK","ARIK.AOS.discharge","RLEHRTER","2019-02-27T00:31Z","2019-02-27T00:31Z",1,1.30,"0 point",0.00,"-",0.00,0.00,0.00,0.00,0.00,0.00,0.00,0.00,0.00,0,
"450c5087-74d8-4902-8ac6-3cc2b6d8f273","56d81c6c-cfc6-476c-a897-ae1dee94f091","D10","ARIK","ARIK.AOS.discharge","RLEHRTER","2019-02-27T00:31Z","2019-02-27T00:31Z",23,3.20,"1 point",0.17,"-",0.00,0.00,0.00,0.00,0.00,0.00,0.00,0.02,0.07,1,
"10e3a32d-b1bd-4b64-9fb6-153cc79b5cce","56d81c6c-cfc6-476c-a897-ae1dee94f091","D10","ARIK","ARIK.AOS.discharge","RLEHRTER","2019-02-27T00:31Z","2019-02-27T00:31Z",20,2.90,"1 point",0.23,"-",0.00,0.00,0.00,0.04,0.00,0.00,0.04,0.02,0.96,0,
"2cfea95d-4709-4167-9e2a-e4ab4be27489","56d81c6c-cfc6-476c-a897-ae1dee94f091","D10","ARIK","ARIK.AOS.discharge","RLEHRTER","2019-02-27T00:31Z","2019-02-27T00:31Z",10,2.05,"1 point",0.29,"-",0.00,0.00,0.00,0.19,0.00,0.00,0.19,0.01,2.81,0,
"1bf4922e-3501-419d-8af1-2306ca62adf8","56d81c6c-cfc6-476c-a897-ae1dee94f091","D10","ARIK","ARIK.AOS.discharge","RLEHRTER","2019-02-27T00:31Z","2019-02-27T00:31Z",8,1.95,"1 point",0.30,"-",0.00,0.00,0.00,0.20,0.00,0.00,0.20,0.02,3.05,0,
"0b93f368-bd0c-4f88-9a61-d55d7d885792","56d81c6c-cfc6-476c-a897-ae1dee94f091","D10","ARIK","ARIK.AOS.discharge","RLEHRTER","2019-02-27T00:31Z","2019-02-27T00:31Z",6,1.80,"1 point",0.28,"-",0.00,0.00,0.00,0.10,0.00,0.00,0.10,0.03,2.72,0,
"0d2020f2-28ea-4164-a6e0-a8fc6ee29d90","56d81c6c-cfc6-476c-a897-ae1dee94f091","D10","ARIK","ARIK.AOS.discharge","RLEHRTER","2019-02-27T00:31Z","2019-02-27T00:31Z",2,1.40,"1 point",0.24,"-",0.00,0.00,0.00,0.03,0.00,0.00,0.03,0.02,0.61,0,
"9895d2e0-c0fe-45a2-8524-6fe17e3d32fb","56d81c6c-cfc6-476c-a897-ae1dee94f091","D10","ARIK","ARIK.AOS.discharge","RLEHRTER","2019-02-27T00:31Z","2019-02-27T00:31Z",18,2.70,"1 point",0.26,"-",0.00,0.00,0.00,0.09,0.00,0.00,0.09,0.03,2.23,0,
"b1e3854d-65b5-4450-9831-c45cd6315ad5","56d81c6c-cfc6-476c-a897-ae1dee94f091","D10","ARIK","ARIK.AOS.discharge","RLEHRTER","2019-02-27T00:31Z","2019-02-27T00:31Z",11,2.10,"1 point",0.28,"-",0.00,0.00,0.00,0.18,0.00,0.00,0.18,0.01,2.58,0,
"9d99b3b3-57b5-41c3-bdb9-2dde07fe3070","56d81c6c-cfc6-476c-a897-ae1dee94f091","D10","ARIK","ARIK.AOS.discharge","RLEHRTER","2019-02-27T00:31Z","2019-02-27T00:31Z",14,2.30,"1 point",0.28,"-",0.00,0.00,0.00,0.04,0.00,0.00,0.04,0.03,1.19,0,
"81dd0c09-ba61-41b2-8572-862e7261d9c6","56d81c6c-cfc6-476c-a897-ae1dee94f091","D10","ARIK","ARIK.AOS.discharge","RLEHRTER","2019-02-27T00:31Z","2019-02-27T00:31Z",5,1.70,"1 point",0.25,"-",0.00,0.00,0.00,0.09,0.00,0.00,0.09,0.03,2.34,0,
"5e2071dd-fe26-44c7-8402-4ed7e8eeacd7","56d81c6c-cfc6-476c-a897-ae1dee94f091","D10","ARIK","ARIK.AOS.discharge","RLEHRTER","2019-02-27T00:31Z","2019-02-27T00:31Z",3,1.50,"1 point",0.25,"-",0.00,0.00,0.00,0.02,0.00,0.00,0.02,0.03,0.47,0,
"de70a387-e14a-4fb1-ad2e-0595dcc8d46b","56d81c6c-cfc6-476c-a897-ae1dee94f091","D10","ARIK","ARIK.AOS.discharge","RLEHRTER","2019-02-27T00:31Z","2019-02-27T00:31Z",22,3.10,"1 point",0.20,"-",0.00,0.00,0.00,0.03,0.00,0.00,0.03,0.02,0.56,0,
