uid,recorduid,domainID,siteID,namedLocation,collectedBy,startDate,collectDate,stationNumber,tapeDistance,streamProfilingMethod,waterDepth,edgeFactor,surfaceVelocity,oneFifthDepthVelocity,twoFifthDepthVelocity,threeFifthDepthVelocity,fourFifthDepthVelocity,bedVelocity,averageVelocity,sectionArea,sectionFlow,lowVelocityQF,dataQF
"c19e2266-76e7-45de-9af8-19eafe3d47d6","d6ceb397-1ce4-4aae-9e75-b9fe50b9722e","D10","ARIK","ARIK.AOS.discharge","DMONAHAN","2016-01-06T20:57Z","2016-01-06T20:57Z",18,2.70,"1 point",0.12,"-",0.00,0.00,0.00,0.08,0.00,0.00,0.08,0.01,0.96,0,
"5878b8aa-dbf5-4783-8dd3-02f1a850cbe2","d6ceb397-1ce4-4aae-9e75-b9fe50b9722e","D10","ARIK","ARIK.AOS.discharge","DMONAHAN","2016-01-06T20:57Z","2016-01-06T20:57Z",9,1.80,"1 point",0.25,"-",0.00,0.00,0.00,0.14,0.00,0.00,0.14,0.02,3.56,0,
"0a3c60c4-2059-46aa-8f50-240c3a8d81c1","d6ceb397-1ce4-4aae-9e75-b9fe50b9722e","D10","ARIK","ARIK.AOS.discharge","DMONAHAN","2016-01-06T20:57Z","2016-01-06T20:57Z",11,2.00,"1 point",0.25,"-",0.00,0.00,0.00,0.14,0.00,0.00,0.14,0.02,2.80,0,
"fc41687b-3726-4605-85e0-14989c1a2065","d6ceb397-1ce4-4aae-9e75-b9fe50b9722e","D10","ARIK","ARIK.AOS.discharge","DMONAHAN","2016-01-06T20:57Z","2016-01-06T20:57Z",5,1.40,"1 point",0.20,"-",0.00,0.00,0.00,0.09,0.00,0.00,0.09,0.02,1.80,0,
"955c7bf2-ca6f-41c7-ac96-bc8d2da27cd5","d6ceb397-1ce4-4aae-9e75-b9fe50b9722e","D10","ARIK","ARIK.AOS.discharge","DMONAHAN","2016-01-06T20:57Z","2016-01-06T20:57Z",20,2.90,"1 point",0.08,"-",0.00,0.00,0.00,0.05,0.00,0.00,0.05,0.01,0.37,0,
"4c9ab1ca-87bf-4514-b9fa-53c3702a31f7","d6ceb397-1ce4-4aae-9e75-b9fe50b9722e","D10","ARIK","ARIK.AOS.discharge","DMONAHAN","2016-01-06T20:57Z","2016-01-06T20:57Z",17,2.60,"1 point",0.18,"-",0.00,0.00,0.00,0.11,0.00,0.00,0.11,0.02,1.92,0,
"ccbc0eae-6056-4574-86b2-9a903b34bb5c","d6ceb397-1ce4-4aae-9e75-b9fe50b9722e","D10","ARIK","ARIK.AOS.discharge","DMONAHAN","2016-01-06T20:57Z","2016-01-06T20:57Z",1,1.00,"0 point",0.00,"-",0.00,0.00,0.00,0.00,0.00,0.00,0.00,0.00,0.00,0,
"424c760b-5d8b-4365-aff1-382f5bb25068","d6ceb397-1ce4-4aae-9e75-b9fe50b9722e","D10","ARIK","ARIK.AOS.discharge","DMONAHAN","2016-01-06T20:57Z","2016-01-06T20:57Z",21,3.00,"1 point",0.00,"-",0.00,0.00,0.00,0.00,0.00,0.00,0.00,0.00,0.00,0,
"f511e097-f518-4e55-ab62-6717fa1a1832","d6ceb397-1ce4-4aae-9e75-b9fe50b9722e","D10","ARIK","ARIK.AOS.discharge","DMONAHAN","2016-01-06T20:57Z","2016-01-06T20:57Z",3,1.20,"1 point",0.18,"-",0.00,0.00,0.00,0.08,0.00,0.00,0.08,0.02,1.51,0,
"20a41b23-73df-461c-9f52-64cd37f123c2","d6ceb397-1ce4-4aae-9e75-b9fe50b9722e","D10","ARIK","ARIK.AOS.discharge","DMONAHAN","2016-01-06T20:57Z","2016-01-06T20:57Z",6,1.50,"1 point",0.24,"-",0.00,0.00,0.00,0.14,0.00,0.00,0.14,0.02,2.80,0,
"0cdd7742-5a19-4959-98c6-226c3db896f9","d6ceb397-1ce4-4aae-9e75-b9fe50b9722e","D10","ARIK","ARIK.AOS.discharge","DMONAHAN","2016-01-06T20:57Z","2016-01-06T20:57Z",2,1.10,"1 point",0.14,"-",0.00,0.00,0.00,0.00,0.00,0.00,0.00,0.08,0.00,0,
"8b818f9f-0b82-48f4-ae58-fdf02326a889","d6ceb397-1ce4-4aae-9e75-b9fe50b9722e","D10","ARIK","ARIK.AOS.discharge","DMONAHAN","2016-01-06T20:57Z","2016-01-06T20:57Z",12,2.10,"1 point",0.24,"-",0.00,0.00,0.00,0.09,0.00,0.00,0.09,0.02,2.18,0,
"e2241c65-0d96-4b0d-9244-dc23fd6d7c57","d6ceb397-1ce4-4aae-9e75-b9fe50b9722e","D10","ARIK","ARIK.AOS.discharge","DMONAHAN","2016-01-06T20:57Z","2016-01-06T20:57Z",19,2.80,"1 point",0.12,"-",0.00,0.00,0.00,0.05,0.00,0.00,0.05,0.01,0.61,0,
"6e72925a-7496-40ac-b893-62b3d4b54fbc","d6ceb397-1ce4-4aae-9e75-b9fe50b9722e","D10","ARIK","ARIK.AOS.discharge","DMONAHAN","2016-01-06T20:57Z","2016-01-06T20:57Z",7,1.60,"1 point",0.24,"-",0.00,0.00,0.00,0.14,0.00,0.00,0.14,0.02,3.35,0,
"c5bba829-036d-44c2-b6dc-16363e2e893e","d6ceb397-1ce4-4aae-9e75-b9fe50b9722e","D10","ARIK","ARIK.AOS.discharge","DMONAHAN","2016-01-06T20:57Z","2016-01-06T20:57Z",10,1.90,"1 point",0.24,"-",0.00,0.00,0.00,0.15,0.00,0.00,0.15,0.02,3.00,0,
"a186614b-b842-43a9-86e7-e148efb92700","d6ceb397-1ce4-4aae-9e75-b9fe50b9722e","D10","ARIK","ARIK.AOS.discharge","DMONAHAN","2016-01-06T20:57Z","2016-01-06T20:57Z",16,2.50,"1 point",0.20,"-",0.00,0.00,0.00,0.12,0.00,0.00,0.12,0.02,2.40,0,
"5907bd55-c660-4466-838e-139a0e28fdb1","d6ceb397-1ce4-4aae-9e75-b9fe50b9722e","D10","ARIK","ARIK.AOS.discharge","DMONAHAN","2016-01-06T20:57Z","2016-01-06T20:57Z",8,1.70,"1 point",0.26,"-",0.00,0.00,0.00,0.14,0.00,0.00,0.14,0.02,3.68,0,
"d1b70107-9e04-4f3b-8334-e918686475ba","d6ceb397-1ce4-4aae-9e75-b9fe50b9722e","D10","ARIK","ARIK.AOS.discharge","DMONAHAN","2016-01-06T20:57Z","2016-01-06T20:57Z",4,1.30,"1 point",0.18,"-",0.00,0.00,0.00,0.11,0.00,0.00,0.11,0.02,2.08,0,
"b3e69cb9-c97e-47c3-acc6-892491327fb2","d6ceb397-1ce4-4aae-9e75-b9fe50b9722e","D10","ARIK","ARIK.AOS.discharge","DMONAHAN","2016-01-06T20:57Z","2016-01-06T20:57Z",15,2.40,"1 point",0.22,"-",0.00,0.00,0.00,0.12,0.00,0.00,0.12,0.02,2.73,0,
"72fd24e2-292e-43cc-a6a9-0112f25f8f56","d6ceb397-1ce4-4aae-9e75-b9fe50b9722e","D10","ARIK","ARIK.AOS.discharge","DMONAHAN","2016-01-06T20:57Z","2016-01-06T20:57Z",13,2.20,"1 point",0.24,"-",0.00,0.00,0.00,0.12,0.00,0.00,0.12,0.02,2.81,0,
"f22b7516-2b4b-4fa2-955d-2d58ec0764c2","d6ceb397-1ce4-4aae-9e75-b9fe50b9722e","D10","ARIK","ARIK.AOS.discharge","DMONAHAN","2016-01-06T20:57Z","2016-01-06T20:57Z",14,2.30,"1 point",0.23,"-",0.00,0.00,0.00,0.13,0.00,0.00,0.13,0.02,2.91,0,
