uid,recorduid,domainID,siteID,namedLocation,collectedBy,startDate,collectDate,stationNumber,tapeDistance,streamProfilingMethod,waterDepth,edgeFactor,surfaceVelocity,oneFifthDepthVelocity,twoFifthDepthVelocity,threeFifthDepthVelocity,fourFifthDepthVelocity,bedVelocity,averageVelocity,sectionArea,sectionFlow,lowVelocityQF,dataQF
"c04ab652-c604-4642-9608-4d169d6727a6","f0b7419a-a25a-4fc3-9b3c-eb58146f5cf5","D10","ARIK","ARIK.AOS.discharge","JSWENSON","2017-12-05T16:46Z","2017-12-05T16:46Z",9,0.80,"1 point",0.21,"-",0.00,0.00,0.00,0.04,0.00,0.00,0.04,0.02,0.88,0,
"87f028f1-61b7-412a-a0cd-58b224f22795","f0b7419a-a25a-4fc3-9b3c-eb58146f5cf5","D10","ARIK","ARIK.AOS.discharge","JSWENSON","2017-12-05T16:46Z","2017-12-05T16:46Z",18,1.70,"1 point",0.22,"-",0.00,0.00,0.00,0.04,0.00,0.00,0.04,0.02,0.87,0,
"74aa33b4-e955-4527-9ce8-411cee84669a","f0b7419a-a25a-4fc3-9b3c-eb58146f5cf5","D10","ARIK","ARIK.AOS.discharge","JSWENSON","2017-12-05T16:46Z","2017-12-05T16:46Z",8,0.70,"1 point",0.20,"-",0.00,0.00,0.00,0.04,0.00,0.00,0.04,0.02,0.85,0,
"0c1629e7-17c5-4c0f-9509-f93bc81ea705","f0b7419a-a25a-4fc3-9b3c-eb58146f5cf5","D10","ARIK","ARIK.AOS.discharge","JSWENSON","2017-12-05T16:46Z","2017-12-05T16:46Z",17,1.60,"1 point",0.22,"-",0.00,0.00,0.00,0.07,0.00,0.00,0.07,0.02,1.57,0,
"46a3cbce-629a-44ba-8d17-49d3015cd533","f0b7419a-a25a-4fc3-9b3c-eb58146f5cf5","D10","ARIK","ARIK.AOS.discharge","JSWENSON","2017-12-05T16:46Z","2017-12-05T16:46Z",21,2.00,"1 point",0.13,"-",0.00,0.00,0.00,0.02,0.00,0.00,0.02,0.01,0.19,0,
"3c8bdab5-2d75-41f1-99dd-34942aa1131d","f0b7419a-a25a-4fc3-9b3c-eb58146f5cf5","D10","ARIK","ARIK.AOS.discharge","JSWENSON","2017-12-05T16:46Z","2017-12-05T16:46Z",5,0.40,"1 point",0.19,"-",0.00,0.00,0.00,0.01,0.00,0.00,0.01,0.02,0.16,1,
"922c4cae-e1e3-4bba-a2b3-0e7513cf630f","f0b7419a-a25a-4fc3-9b3c-eb58146f5cf5","D10","ARIK","ARIK.AOS.discharge","JSWENSON","2017-12-05T16:46Z","2017-12-05T16:46Z",1,0.00,"0 point",0.00,"-",0.00,0.00,0.00,0.00,0.00,0.00,0.00,0.00,0.00,0,
"8c023b2b-4c9c-4928-93c3-76ef3611721d","f0b7419a-a25a-4fc3-9b3c-eb58146f5cf5","D10","ARIK","ARIK.AOS.discharge","JSWENSON","2017-12-05T16:46Z","2017-12-05T16:46Z",16,1.50,"1 point",0.23,"-",0.00,0.00,0.00,0.08,0.00,0.00,0.08,0.02,1.72,0,
"46c54569-b8e0-4d98-8b14-7f6e79c3e8d2","f0b7419a-a25a-4fc3-9b3c-eb58146f5cf5","D10","ARIK","ARIK.AOS.discharge","JSWENSON","2017-12-05T16:46Z","2017-12-05T16:46Z",7,0.60,"1 point",0.19,"-",0.00,0.00,0.00,0.04,0.00,0.00,0.04,0.02,0.80,0,
"92adef76-d11c-4c5e-8780-09b9b80f5c33","f0b7419a-a25a-4fc3-9b3c-eb58146f5cf5","D10","ARIK","ARIK.AOS.discharge","JSWENSON","2017-12-05T16:46Z","2017-12-05T16:46Z",4,0.30,"1 point",0.16,"-",0.00,0.00,0.00,0.00,0.00,0.00,0.00,0.02,0.03,1,
"6deb6a59-6eb2-42be-87c0-e27e92637afd","f0b7419a-a25a-4fc3-9b3c-eb58146f5cf5","D10","ARIK","ARIK.AOS.discharge","JSWENSON","2017-12-05T16:46Z","2017-12-05T16:46Z",13,1.20,"1 point",0.24,"-",0.00,0.00,0.00,0.05,0.00,0.00,0.05,0.02,1.30,0,
"ebf93752-96da-4884-9a4a-fd312e443648","f0b7419a-a25a-4fc3-9b3c-eb58146f5cf5","D10","ARIK","ARIK.AOS.discharge","JSWENSON","2017-12-05T16:46Z","2017-12-05T16:46Z",14,1.30,"1 point",0.23,"-",0.00,0.00,0.00,0.08,0.00,0.00,0.08,0.02,1.92,0,
"3710ba62-6883-4b34-ae38-b702d9c51b17","f0b7419a-a25a-4fc3-9b3c-eb58146f5cf5","D10","ARIK","ARIK.AOS.discharge","JSWENSON","2017-12-05T16:46Z","2017-12-05T16:46Z",19,1.80,"1 point",0.23,"-",0.00,0.00,0.00,0.04,0.00,0.00,0.04,0.02,0.92,0,
"e12402b6-1033-429d-8319-e6b4819e45bc","f0b7419a-a25a-4fc3-9b3c-eb58146f5cf5","D10","ARIK","ARIK.AOS.discharge","JSWENSON","2017-12-05T16:46Z","2017-12-05T16:46Z",2,0.10,"0 point",0.01,"-",0.00,0.00,0.00,0.00,0.00,0.00,0.00,0.00,0.00,0,
"6dc4b28e-0cc6-4522-bc0c-eb98a03b2f0f","f0b7419a-a25a-4fc3-9b3c-eb58146f5cf5","D10","ARIK","ARIK.AOS.discharge","JSWENSON","2017-12-05T16:46Z","2017-12-05T16:46Z",6,0.50,"1 point",0.20,"-",0.00,0.00,0.00,0.03,0.00,0.00,0.03,0.02,0.60,0,
"fc8ac809-50fc-4f5f-a2af-55c58e521711","f0b7419a-a25a-4fc3-9b3c-eb58146f5cf5","D10","ARIK","ARIK.AOS.discharge","JSWENSON","2017-12-05T16:46Z","2017-12-05T16:46Z",22,2.10,"0 point",0.10,"-",0.00,0.00,0.00,0.00,0.00,0.00,0.00,0.01,0.00,0,
"fe4b1e27-7954-4785-8155-ce56fabb7988","f0b7419a-a25a-4fc3-9b3c-eb58146f5cf5","D10","ARIK","ARIK.AOS.discharge","JSWENSON","2017-12-05T16:46Z","2017-12-05T16:46Z",11,1.00,"1 point",0.23,"-",0.00,0.00,0.00,0.05,0.00,0.00,0.05,0.02,1.08,0,
"632f0e5e-6344-438b-aa8c-8e2b64311b5b","f0b7419a-a25a-4fc3-9b3c-eb58146f5cf5","D10","ARIK","ARIK.AOS.discharge","JSWENSON","2017-12-05T16:46Z","2017-12-05T16:46Z",12,1.10,"1 point",0.23,"-",0.00,0.00,0.00,0.04,0.00,0.00,0.04,0.02,0.94,0,
"66b55976-db49-45b0-a3dd-a3478869895f","f0b7419a-a25a-4fc3-9b3c-eb58146f5cf5","D10","ARIK","ARIK.AOS.discharge","JSWENSON","2017-12-05T16:46Z","2017-12-05T16:46Z",10,0.90,"1 point",0.22,"-",0.00,0.00,0.00,0.05,0.00,0.00,0.05,0.02,1.03,0,
"f68e7a58-a025-46fd-9c30-906712cc7539","f0b7419a-a25a-4fc3-9b3c-eb58146f5cf5","D10","ARIK","ARIK.AOS.discharge","JSWENSON","2017-12-05T16:46Z","2017-12-05T16:46Z",3,0.20,"0 point",0.02,"-",0.00,0.00,0.00,0.00,0.00,0.00,0.00,0.00,0.00,0,
"e96c5c0e-3e92-4195-bfae-99d97b0fba6e","f0b7419a-a25a-4fc3-9b3c-eb58146f5cf5","D10","ARIK","ARIK.AOS.discharge","JSWENSON","2017-12-05T16:46Z","2017-12-05T16:46Z",15,1.40,"1 point",0.22,"-",0.00,0.00,0.00,0.10,0.00,0.00,0.10,0.02,2.10,0,
"6bb2f04a-ef19-4ea7-a367-26bc9fea6526","f0b7419a-a25a-4fc3-9b3c-eb58146f5cf5","D10","ARIK","ARIK.AOS.discharge","JSWENSON","2017-12-05T16:46Z","2017-12-05T16:46Z",23,2.20,"0 point",0.10,"-",0.00,0.00,0.00,0.00,0.00,0.00,0.00,0.00,0.00,0,
"163cf108-2d78-4333-ad2d-56993e0fe20b","f0b7419a-a25a-4fc3-9b3c-eb58146f5cf5","D10","ARIK","ARIK.AOS.discharge","JSWENSON","2017-12-05T16:46Z","2017-12-05T16:46Z",20,1.90,"1 point",0.22,"-",0.00,0.00,0.00,0.02,0.00,0.00,0.02,0.02,0.41,0,
"cc6eea4f-a0fa-4fb4-972f-c5afcf359456","4e823547-264d-41d7-ac34-54186a642536","D10","ARIK","ARIK.AOS.discharge","HSCHARTEL","2017-12-20T07:00Z","2017-12-20T07:00Z",21,3.20,"0 point",0.00,"-",0.00,0.00,0.00,0.00,0.00,0.00,0.00,0.00,0.00,0,
"8975fd24-d3bd-4aca-b319-60e27ca103b2","4e823547-264d-41d7-ac34-54186a642536","D10","ARIK","ARIK.AOS.discharge","HSCHARTEL","2017-12-20T07:00Z","2017-12-20T07:00Z",2,1.30,"1 point",0.12,"-",0.00,0.00,0.00,0.01,0.00,0.00,0.01,0.01,0.17,0,
"c4e84142-881d-45d5-ac10-dea7da1b576f","4e823547-264d-41d7-ac34-54186a642536","D10","ARIK","ARIK.AOS.discharge","HSCHARTEL","2017-12-20T07:00Z","2017-12-20T07:00Z",7,1.80,"1 point",0.22,"-",0.00,0.00,0.00,0.05,0.00,0.00,0.05,0.02,1.04,0,
"9a9eccf6-0a15-401d-9ac0-66390442d096","4e823547-264d-41d7-ac34-54186a642536","D10","ARIK","ARIK.AOS.discharge","HSCHARTEL","2017-12-20T07:00Z","2017-12-20T07:00Z",17,2.80,"1 point",0.24,"-",0.00,0.00,0.00,0.05,0.00,0.00,0.05,0.02,1.19,0,
"084873a6-ccb8-4d85-b133-d8c9859d5b94","4e823547-264d-41d7-ac34-54186a642536","D10","ARIK","ARIK.AOS.discharge","HSCHARTEL","2017-12-20T07:00Z","2017-12-20T07:00Z",12,2.30,"1 point",0.26,"-",0.00,0.00,0.00,0.10,0.00,0.00,0.10,0.03,2.67,0,
"37965260-fcbd-406f-a827-b8132f0c6284","4e823547-264d-41d7-ac34-54186a642536","D10","ARIK","ARIK.AOS.discharge","HSCHARTEL","2017-12-20T07:00Z","2017-12-20T07:00Z",20,3.10,"1 point",0.20,"-",0.00,0.00,0.00,0.02,0.00,0.00,0.02,0.02,0.37,0,
"f3ebcd97-96f8-42cf-b0ee-eb6caf443268","4e823547-264d-41d7-ac34-54186a642536","D10","ARIK","ARIK.AOS.discharge","HSCHARTEL","2017-12-20T07:00Z","2017-12-20T07:00Z",19,3.00,"1 point",0.25,"-",0.00,0.00,0.00,0.04,0.00,0.00,0.04,0.03,0.98,0,
"f83dd972-04a7-49ca-97d2-bbb5ec63bee6","4e823547-264d-41d7-ac34-54186a642536","D10","ARIK","ARIK.AOS.discharge","HSCHARTEL","2017-12-20T07:00Z","2017-12-20T07:00Z",3,1.40,"1 point",0.20,"-",0.00,0.00,0.00,0.03,0.00,0.00,0.03,0.02,0.68,0,
"a7245dc0-8029-4535-aed8-4aa38180362d","4e823547-264d-41d7-ac34-54186a642536","D10","ARIK","ARIK.AOS.discharge","HSCHARTEL","2017-12-20T07:00Z","2017-12-20T07:00Z",13,2.40,"1 point",0.26,"-",0.00,0.00,0.00,0.10,0.00,0.00,0.10,0.03,2.67,0,
"6a12c5fa-8991-44e8-bff3-fac945c35929","4e823547-264d-41d7-ac34-54186a642536","D10","ARIK","ARIK.AOS.discharge","HSCHARTEL","2017-12-20T07:00Z","2017-12-20T07:00Z",1,1.20,"0 point",0.00,"-",0.00,0.00,0.00,0.00,0.00,0.00,0.00,0.00,0.00,0,
"b8ae4353-d5f2-45e4-bdec-6efd05be76c6","4e823547-264d-41d7-ac34-54186a642536","D10","ARIK","ARIK.AOS.discharge","HSCHARTEL","2017-12-20T07:00Z","2017-12-20T07:00Z",18,2.90,"1 point",0.24,"-",0.00,0.00,0.00,0.03,0.00,0.00,0.03,0.02,0.62,0,
"004a2063-7085-49ce-956d-15e149902c5f","4e823547-264d-41d7-ac34-54186a642536","D10","ARIK","ARIK.AOS.discharge","HSCHARTEL","2017-12-20T07:00Z","2017-12-20T07:00Z",10,2.10,"1 point",0.25,"-",0.00,0.00,0.00,0.06,0.00,0.00,0.06,0.03,1.47,0,
"bccd4eef-07ca-450b-a4d7-35844a9e6951","4e823547-264d-41d7-ac34-54186a642536","D10","ARIK","ARIK.AOS.discharge","HSCHARTEL","2017-12-20T07:00Z","2017-12-20T07:00Z",11,2.20,"1 point",0.25,"-",0.00,0.00,0.00,0.06,0.00,0.00,0.06,0.03,1.47,0,
"2cf98eab-2895-445a-8349-a3f48430a585","4e823547-264d-41d7-ac34-54186a642536","D10","ARIK","ARIK.AOS.discharge","HSCHARTEL","2017-12-20T07:00Z","2017-12-20T07:00Z",6,1.70,"1 point",0.20,"-",0.00,0.00,0.00,0.03,0.00,0.00,0.03,0.02,0.54,0,
"2ee2c3f1-7842-4610-8826-fab0279942eb","4e823547-264d-41d7-ac34-54186a642536","D10","ARIK","ARIK.AOS.discharge","HSCHARTEL","2017-12-20T07:00Z","2017-12-20T07:00Z",5,1.60,"1 point",0.21,"-",0.00,0.00,0.00,0.05,0.00,0.00,0.05,0.02,1.01,0,
"7adc44e4-b6ca-47d2-92e1-1006fd377acd","4e823547-264d-41d7-ac34-54186a642536","D10","ARIK","ARIK.AOS.discharge","HSCHARTEL","2017-12-20T07:00Z","2017-12-20T07:00Z",8,1.90,"1 point",0.23,"-",0.00,0.00,0.00,0.08,0.00,0.00,0.08,0.02,1.89,0,
"6ddd0910-1625-40a7-9694-5c689d2458a5","4e823547-264d-41d7-ac34-54186a642536","D10","ARIK","ARIK.AOS.discharge","HSCHARTEL","2017-12-20T07:00Z","2017-12-20T07:00Z",4,1.50,"1 point",0.22,"-",0.00,0.00,0.00,0.02,0.00,0.00,0.02,0.02,0.39,0,
"f63f8862-c28a-40e9-b112-5f3b4d6f3a3f","4e823547-264d-41d7-ac34-54186a642536","D10","ARIK","ARIK.AOS.discharge","HSCHARTEL","2017-12-20T07:00Z","2017-12-20T07:00Z",16,2.70,"1 point",0.26,"-",0.00,0.00,0.00,0.08,0.00,0.00,0.08,0.03,2.02,0,
"33826477-12d6-46bf-876b-cb53bda0d161","4e823547-264d-41d7-ac34-54186a642536","D10","ARIK","ARIK.AOS.discharge","HSCHARTEL","2017-12-20T07:00Z","2017-12-20T07:00Z",15,2.60,"1 point",0.26,"-",0.00,0.00,0.00,0.07,0.00,0.00,0.07,0.03,1.71,0,
"e3f47053-99a4-40fc-9183-d6deaf850a19","4e823547-264d-41d7-ac34-54186a642536","D10","ARIK","ARIK.AOS.discharge","HSCHARTEL","2017-12-20T07:00Z","2017-12-20T07:00Z",14,2.50,"1 point",0.26,"-",0.00,0.00,0.00,0.11,0.00,0.00,0.11,0.03,2.72,0,
"a70f61cb-81e3-4664-b36a-74790693cc2c","4e823547-264d-41d7-ac34-54186a642536","D10","ARIK","ARIK.AOS.discharge","HSCHARTEL","2017-12-20T07:00Z","2017-12-20T07:00Z",9,2.00,"1 point",0.24,"-",0.00,0.00,0.00,0.08,0.00,0.00,0.08,0.02,1.89,0,
