uid,recorduid,domainID,siteID,namedLocation,collectedBy,startDate,collectDate,stationNumber,tapeDistance,streamProfilingMethod,waterDepth,edgeFactor,surfaceVelocity,oneFifthDepthVelocity,twoFifthDepthVelocity,threeFifthDepthVelocity,fourFifthDepthVelocity,bedVelocity,averageVelocity,sectionArea,sectionFlow,lowVelocityQF,dataQF
"0f1da1da-ab86-4fe7-83d3-e77fe0379cfb","fd9c0547-b4ca-42ae-bd93-332a6bdbc7b9","D10","ARIK","ARIK.AOS.discharge","HSCHARTEL","2015-12-01T07:50Z","2015-12-01T07:50Z",15,2.40,"1 point",0.22,"-",0.00,0.00,0.00,0.03,0.00,0.00,0.03,0.02,0.78,0,
"80e161ab-2b33-46a0-ac54-22e75ad40471","fd9c0547-b4ca-42ae-bd93-332a6bdbc7b9","D10","ARIK","ARIK.AOS.discharge","HSCHARTEL","2015-12-01T07:50Z","2015-12-01T07:50Z",7,1.60,"1 point",0.26,"-",0.00,0.00,0.00,0.15,0.00,0.00,0.15,0.03,3.80,0,
"810876d3-207c-4dbc-bc69-789256de470a","fd9c0547-b4ca-42ae-bd93-332a6bdbc7b9","D10","ARIK","ARIK.AOS.discharge","HSCHARTEL","2015-12-01T07:50Z","2015-12-01T07:50Z",9,1.80,"1 point",0.27,"-",0.00,0.00,0.00,0.08,0.00,0.00,0.08,0.03,2.13,0,
"752da8e2-555e-4f79-8941-8b845af64b27","fd9c0547-b4ca-42ae-bd93-332a6bdbc7b9","D10","ARIK","ARIK.AOS.discharge","HSCHARTEL","2015-12-01T07:50Z","2015-12-01T07:50Z",17,2.60,"1 point",0.20,"-",0.00,0.00,0.00,0.07,0.00,0.00,0.07,0.02,1.42,0,
"bc7234f6-091b-4d26-9af4-9d9970516ece","fd9c0547-b4ca-42ae-bd93-332a6bdbc7b9","D10","ARIK","ARIK.AOS.discharge","HSCHARTEL","2015-12-01T07:50Z","2015-12-01T07:50Z",18,2.70,"1 point",0.13,"-",0.00,0.00,0.00,0.03,0.00,0.00,0.03,0.01,0.34,0,
"d0aa8c51-8114-4e70-98c3-e7f51c9f9695","fd9c0547-b4ca-42ae-bd93-332a6bdbc7b9","D10","ARIK","ARIK.AOS.discharge","HSCHARTEL","2015-12-01T07:50Z","2015-12-01T07:50Z",11,2.00,"1 point",0.28,"-",0.00,0.00,0.00,0.10,0.00,0.00,0.10,0.03,2.72,0,
"3540652b-0c66-47ff-bde4-ef50c60b86ce","fd9c0547-b4ca-42ae-bd93-332a6bdbc7b9","D10","ARIK","ARIK.AOS.discharge","HSCHARTEL","2015-12-01T07:50Z","2015-12-01T07:50Z",19,2.80,"1 point",0.10,"-",0.00,0.00,0.00,0.03,0.00,0.00,0.03,0.01,0.31,0,
"46f0046b-9caa-443d-b2cc-7415c765db7d","fd9c0547-b4ca-42ae-bd93-332a6bdbc7b9","D10","ARIK","ARIK.AOS.discharge","HSCHARTEL","2015-12-01T07:50Z","2015-12-01T07:50Z",10,1.90,"1 point",0.28,"-",0.00,0.00,0.00,0.07,0.00,0.00,0.07,0.03,2.05,0,
"6b8086be-2943-49e6-9f57-4b1ade54eda2","fd9c0547-b4ca-42ae-bd93-332a6bdbc7b9","D10","ARIK","ARIK.AOS.discharge","HSCHARTEL","2015-12-01T07:50Z","2015-12-01T07:50Z",20,2.90,"1 point",0.05,"-",0.00,0.00,0.00,0.01,0.00,0.00,0.01,0.00,0.04,0,
"83768a21-9d8b-4a66-a092-35a25824abb0","fd9c0547-b4ca-42ae-bd93-332a6bdbc7b9","D10","ARIK","ARIK.AOS.discharge","HSCHARTEL","2015-12-01T07:50Z","2015-12-01T07:50Z",21,3.00,"0 point",0.00,"-",0.00,0.00,0.00,0.00,0.00,0.00,0.00,0.00,0.00,0,
"908ba60c-5439-4a2e-a56d-6c38fba9aefe","fd9c0547-b4ca-42ae-bd93-332a6bdbc7b9","D10","ARIK","ARIK.AOS.discharge","HSCHARTEL","2015-12-01T07:50Z","2015-12-01T07:50Z",13,2.20,"1 point",0.24,"-",0.00,0.00,0.00,0.06,0.00,0.00,0.06,0.02,1.35,0,
"83d6ec53-1f58-4014-b840-72629085a972","fd9c0547-b4ca-42ae-bd93-332a6bdbc7b9","D10","ARIK","ARIK.AOS.discharge","HSCHARTEL","2015-12-01T07:50Z","2015-12-01T07:50Z",16,2.50,"1 point",0.22,"-",0.00,0.00,0.00,0.07,0.00,0.00,0.07,0.02,1.52,0,
"9eeb3733-6af0-4c9d-8903-ada53897315f","fd9c0547-b4ca-42ae-bd93-332a6bdbc7b9","D10","ARIK","ARIK.AOS.discharge","HSCHARTEL","2015-12-01T07:50Z","2015-12-01T07:50Z",12,2.10,"1 point",0.25,"-",0.00,0.00,0.00,0.06,0.00,0.00,0.06,0.02,1.60,0,
"89d5902e-21df-4c97-8ecf-d8d30bb59cef","fd9c0547-b4ca-42ae-bd93-332a6bdbc7b9","D10","ARIK","ARIK.AOS.discharge","HSCHARTEL","2015-12-01T07:50Z","2015-12-01T07:50Z",8,1.70,"1 point",0.26,"-",0.00,0.00,0.00,0.10,0.00,0.00,0.10,0.02,2.63,0,
"42c89157-c8eb-46f3-905d-bc30f87569c2","fd9c0547-b4ca-42ae-bd93-332a6bdbc7b9","D10","ARIK","ARIK.AOS.discharge","HSCHARTEL","2015-12-01T07:50Z","2015-12-01T07:50Z",14,2.30,"1 point",0.20,"-",0.00,0.00,0.00,0.09,0.00,0.00,0.09,0.02,1.79,0,
"b3f4952c-cd2e-40da-93ef-63044abca533","fd9c0547-b4ca-42ae-bd93-332a6bdbc7b9","D10","ARIK","ARIK.AOS.discharge","HSCHARTEL","2015-12-01T07:50Z","2015-12-01T07:50Z",1,1.00,"0 point",0.00,"-",0.00,0.00,0.00,0.00,0.00,0.00,0.00,0.00,0.00,0,
"65ad465d-4336-45ee-843a-1b779bce0a4f","fd9c0547-b4ca-42ae-bd93-332a6bdbc7b9","D10","ARIK","ARIK.AOS.discharge","HSCHARTEL","2015-12-01T07:50Z","2015-12-01T07:50Z",4,1.30,"1 point",0.10,"-",0.00,0.00,0.00,0.04,0.00,0.00,0.04,0.01,0.37,0,
"ee907dc8-df37-4e33-8dab-1169dbe10757","fd9c0547-b4ca-42ae-bd93-332a6bdbc7b9","D10","ARIK","ARIK.AOS.discharge","HSCHARTEL","2015-12-01T07:50Z","2015-12-01T07:50Z",5,1.40,"1 point",0.14,"-",0.00,0.00,0.00,0.02,0.00,0.00,0.02,0.01,0.31,0,
"a570de67-1d4f-41b3-adbf-62d1687859cc","fd9c0547-b4ca-42ae-bd93-332a6bdbc7b9","D10","ARIK","ARIK.AOS.discharge","HSCHARTEL","2015-12-01T07:50Z","2015-12-01T07:50Z",2,1.10,"1 point",0.10,"-",0.00,0.00,0.00,0.01,0.00,0.00,0.01,0.01,0.15,0,
"6d19266f-3461-414b-9841-30b2579d992c","fd9c0547-b4ca-42ae-bd93-332a6bdbc7b9","D10","ARIK","ARIK.AOS.discharge","HSCHARTEL","2015-12-01T07:50Z","2015-12-01T07:50Z",3,1.20,"1 point",0.08,"-",0.00,0.00,0.00,0.02,0.00,0.00,0.02,0.01,0.21,0,
"5d69bfab-3614-4800-a248-a1a23db986d9","fd9c0547-b4ca-42ae-bd93-332a6bdbc7b9","D10","ARIK","ARIK.AOS.discharge","HSCHARTEL","2015-12-01T07:50Z","2015-12-01T07:50Z",6,1.50,"1 point",0.23,"-",0.00,0.00,0.00,0.12,0.00,0.00,0.12,0.02,2.80,0,
