uid,recorduid,domainID,siteID,namedLocation,collectedBy,startDate,collectDate,stationNumber,tapeDistance,streamProfilingMethod,waterDepth,edgeFactor,surfaceVelocity,oneFifthDepthVelocity,twoFifthDepthVelocity,threeFifthDepthVelocity,fourFifthDepthVelocity,bedVelocity,averageVelocity,sectionArea,sectionFlow,lowVelocityQF,dataQF
"a31a2228-c5bc-45b0-a7ff-f3e5b505b159","ebefac33-b1c8-4b2b-b08b-3e6a00c365bb","D10","ARIK","ARIK.AOS.discharge","KNICKELS","2019-05-06T23:27Z","2019-05-06T23:27Z",18,2.55,"1 point",0.28,"-",0.00,0.00,0.00,0.17,0.00,0.00,0.17,0.01,2.38,0,
"6caa5e67-8244-4148-a268-084ab920b577","ebefac33-b1c8-4b2b-b08b-3e6a00c365bb","D10","ARIK","ARIK.AOS.discharge","KNICKELS","2019-05-06T23:27Z","2019-05-06T23:27Z",20,2.65,"1 point",0.27,"-",0.00,0.00,0.00,0.18,0.00,0.00,0.18,0.01,2.41,0,
"5ad0f3f9-bb79-4f18-a8bb-eee2c7288ab5","ebefac33-b1c8-4b2b-b08b-3e6a00c365bb","D10","ARIK","ARIK.AOS.discharge","KNICKELS","2019-05-06T23:27Z","2019-05-06T23:27Z",29,3.60,"0 point",0.00,"-",0.00,0.00,0.00,0.00,0.00,0.00,0.00,0.00,0.00,0,
"8167b5cc-67e0-4dac-af24-1c99e2263bc1","ebefac33-b1c8-4b2b-b08b-3e6a00c365bb","D10","ARIK","ARIK.AOS.discharge","KNICKELS","2019-05-06T23:27Z","2019-05-06T23:27Z",10,2.10,"1 point",0.28,"-",0.00,0.00,0.00,0.04,0.00,0.00,0.04,0.03,1.02,0,
"d9ecb8c4-cf5b-43dd-86ab-2469d6acdef6","ebefac33-b1c8-4b2b-b08b-3e6a00c365bb","D10","ARIK","ARIK.AOS.discharge","KNICKELS","2019-05-06T23:27Z","2019-05-06T23:27Z",14,2.35,"1 point",0.30,"-",0.00,0.00,0.00,0.10,0.00,0.00,0.10,0.02,1.49,0,
"111c96d1-715a-47ca-a54f-5e27b56e85b7","ebefac33-b1c8-4b2b-b08b-3e6a00c365bb","D10","ARIK","ARIK.AOS.discharge","KNICKELS","2019-05-06T23:27Z","2019-05-06T23:27Z",22,2.80,"1 point",0.27,"-",0.00,0.00,0.00,0.12,0.00,0.00,0.12,0.02,2.40,0,
"6255e76d-b294-452c-9137-786df9f91340","ebefac33-b1c8-4b2b-b08b-3e6a00c365bb","D10","ARIK","ARIK.AOS.discharge","KNICKELS","2019-05-06T23:27Z","2019-05-06T23:27Z",17,2.50,"1 point",0.28,"-",0.00,0.00,0.00,0.16,0.00,0.00,0.16,0.01,2.24,0,
"3e71f688-6f01-4c7a-a006-2b112179f691","ebefac33-b1c8-4b2b-b08b-3e6a00c365bb","D10","ARIK","ARIK.AOS.discharge","KNICKELS","2019-05-06T23:27Z","2019-05-06T23:27Z",28,3.30,"1 point",0.06,"-",0.00,0.00,0.00,0.03,0.00,0.00,0.03,0.01,0.38,0,
"30df6d5d-2229-4c73-8829-121b1606e1dd","ebefac33-b1c8-4b2b-b08b-3e6a00c365bb","D10","ARIK","ARIK.AOS.discharge","KNICKELS","2019-05-06T23:27Z","2019-05-06T23:27Z",21,2.70,"1 point",0.28,"-",0.00,0.00,0.00,0.11,0.00,0.00,0.11,0.02,2.37,0,
"de365891-b831-43ea-88d7-c7cba2f11245","ebefac33-b1c8-4b2b-b08b-3e6a00c365bb","D10","ARIK","ARIK.AOS.discharge","KNICKELS","2019-05-06T23:27Z","2019-05-06T23:27Z",9,2.00,"1 point",0.28,"-",0.00,0.00,0.00,0.06,0.00,0.00,0.06,0.03,1.74,0,
"a7cf31cb-a13f-41ee-9b1d-527a8a028fbd","ebefac33-b1c8-4b2b-b08b-3e6a00c365bb","D10","ARIK","ARIK.AOS.discharge","KNICKELS","2019-05-06T23:27Z","2019-05-06T23:27Z",24,2.90,"1 point",0.26,"-",0.00,0.00,0.00,0.10,0.00,0.00,0.10,0.02,2.00,0,
"8fc64dec-a4fb-46d0-ade9-23d31b183920","ebefac33-b1c8-4b2b-b08b-3e6a00c365bb","D10","ARIK","ARIK.AOS.discharge","KNICKELS","2019-05-06T23:27Z","2019-05-06T23:27Z",6,1.70,"1 point",0.24,"-",0.00,0.00,0.00,0.04,0.00,0.00,0.04,0.02,0.94,0,
"75041e4a-b81a-4ed5-8ce8-88dddc0342e7","ebefac33-b1c8-4b2b-b08b-3e6a00c365bb","D10","ARIK","ARIK.AOS.discharge","KNICKELS","2019-05-06T23:27Z","2019-05-06T23:27Z",15,2.40,"1 point",0.29,"-",0.00,0.00,0.00,0.12,0.00,0.00,0.12,0.01,1.71,0,
"c20b019a-ee2c-41b7-a3aa-52634e0d381a","ebefac33-b1c8-4b2b-b08b-3e6a00c365bb","D10","ARIK","ARIK.AOS.discharge","KNICKELS","2019-05-06T23:27Z","2019-05-06T23:27Z",2,1.30,"1 point",0.16,"-",0.00,0.00,0.00,0.01,0.00,0.00,0.01,0.02,0.11,1,
"463e58bd-cd7f-4baf-9090-eb2c0850c35a","ebefac33-b1c8-4b2b-b08b-3e6a00c365bb","D10","ARIK","ARIK.AOS.discharge","KNICKELS","2019-05-06T23:27Z","2019-05-06T23:27Z",19,2.60,"1 point",0.28,"-",0.00,0.00,0.00,0.18,0.00,0.00,0.18,0.01,2.49,0,
"350ee55b-3257-4dc8-8bd9-83808a58d92f","ebefac33-b1c8-4b2b-b08b-3e6a00c365bb","D10","ARIK","ARIK.AOS.discharge","KNICKELS","2019-05-06T23:27Z","2019-05-06T23:27Z",16,2.45,"1 point",0.29,"-",0.00,0.00,0.00,0.13,0.00,0.00,0.13,0.01,1.92,0,
"44ff7ae1-9365-49ce-806f-669b402eb603","ebefac33-b1c8-4b2b-b08b-3e6a00c365bb","D10","ARIK","ARIK.AOS.discharge","KNICKELS","2019-05-06T23:27Z","2019-05-06T23:27Z",13,2.30,"1 point",0.29,"-",0.00,0.00,0.00,0.08,0.00,0.00,0.08,0.01,1.08,0,
"f5e6c948-11f7-40ce-b2e9-007d2b5852f8","ebefac33-b1c8-4b2b-b08b-3e6a00c365bb","D10","ARIK","ARIK.AOS.discharge","KNICKELS","2019-05-06T23:27Z","2019-05-06T23:27Z",5,1.60,"1 point",0.24,"-",0.00,0.00,0.00,0.03,0.00,0.00,0.03,0.02,0.81,0,
"1887a05e-3353-400e-916c-eb25b5161eaa","ebefac33-b1c8-4b2b-b08b-3e6a00c365bb","D10","ARIK","ARIK.AOS.discharge","KNICKELS","2019-05-06T23:27Z","2019-05-06T23:27Z",12,2.25,"1 point",0.28,"-",0.00,0.00,0.00,0.05,0.00,0.00,0.05,0.01,0.69,0,
"23e150f2-6665-41d8-b1d5-08fb717b76e0","ebefac33-b1c8-4b2b-b08b-3e6a00c365bb","D10","ARIK","ARIK.AOS.discharge","KNICKELS","2019-05-06T23:27Z","2019-05-06T23:27Z",3,1.40,"1 point",0.21,"-",0.00,0.00,0.00,0.01,0.00,0.00,0.01,0.02,0.25,0,
"afd8413e-602a-4b48-9384-323013634f58","ebefac33-b1c8-4b2b-b08b-3e6a00c365bb","D10","ARIK","ARIK.AOS.discharge","KNICKELS","2019-05-06T23:27Z","2019-05-06T23:27Z",4,1.50,"1 point",0.23,"-",0.00,0.00,0.00,0.03,0.00,0.00,0.03,0.02,0.66,0,
"a55759e6-71f4-4375-9e3d-3008f1e0ce91","ebefac33-b1c8-4b2b-b08b-3e6a00c365bb","D10","ARIK","ARIK.AOS.discharge","KNICKELS","2019-05-06T23:27Z","2019-05-06T23:27Z",23,2.85,"1 point",0.26,"-",0.00,0.00,0.00,0.14,0.00,0.00,0.14,0.01,1.87,0,
"476f0da0-9043-464d-a590-3217ed35fc66","ebefac33-b1c8-4b2b-b08b-3e6a00c365bb","D10","ARIK","ARIK.AOS.discharge","KNICKELS","2019-05-06T23:27Z","2019-05-06T23:27Z",8,1.90,"1 point",0.27,"-",0.00,0.00,0.00,0.04,0.00,0.00,0.04,0.03,1.19,0,
"6c3b79b9-962e-405f-acdf-a1518eaec3b0","ebefac33-b1c8-4b2b-b08b-3e6a00c365bb","D10","ARIK","ARIK.AOS.discharge","KNICKELS","2019-05-06T23:27Z","2019-05-06T23:27Z",1,1.20,"0 point",0.00,"-",0.00,0.00,0.00,0.00,0.00,0.00,0.00,0.00,0.00,0,
"23e42d47-89ce-4e94-a701-191ee7505ce0","ebefac33-b1c8-4b2b-b08b-3e6a00c365bb","D10","ARIK","ARIK.AOS.discharge","KNICKELS","2019-05-06T23:27Z","2019-05-06T23:27Z",25,3.00,"1 point",0.24,"-",0.00,0.00,0.00,0.06,0.00,0.00,0.06,0.02,1.37,0,
"78ee9185-3936-4f83-8b1f-b80b7bebdd27","ebefac33-b1c8-4b2b-b08b-3e6a00c365bb","D10","ARIK","ARIK.AOS.discharge","KNICKELS","2019-05-06T23:27Z","2019-05-06T23:27Z",27,3.20,"1 point",0.16,"-",0.00,0.00,0.00,0.06,0.00,0.00,0.06,0.02,0.91,0,
"e7bef3ed-6e20-4e57-9eff-1ff2ccab2ea4","ebefac33-b1c8-4b2b-b08b-3e6a00c365bb","D10","ARIK","ARIK.AOS.discharge","KNICKELS","2019-05-06T23:27Z","2019-05-06T23:27Z",26,3.10,"1 point",0.24,"-",0.00,0.00,0.00,0.04,0.00,0.00,0.04,0.02,0.89,0,
"d8e94154-e0c2-41c5-9299-83172b258ebc","ebefac33-b1c8-4b2b-b08b-3e6a00c365bb","D10","ARIK","ARIK.AOS.discharge","KNICKELS","2019-05-06T23:27Z","2019-05-06T23:27Z",11,2.20,"1 point",0.28,"-",0.00,0.00,0.00,0.04,0.00,0.00,0.04,0.02,0.89,0,
"04fdf9b9-5a49-4089-88db-35a898663951","ebefac33-b1c8-4b2b-b08b-3e6a00c365bb","D10","ARIK","ARIK.AOS.discharge","KNICKELS","2019-05-06T23:27Z","2019-05-06T23:27Z",7,1.80,"1 point",0.24,"-",0.00,0.00,0.00,0.05,0.00,0.00,0.05,0.02,1.09,0,
"d4006675-55e4-4b25-a552-b1a8b6a03bb6","25963aad-b49e-46d1-9f05-99308c5671d9","D10","ARIK","ARIK.AOS.discharge","FSTEMMLER","2019-05-14T17:58Z","2019-05-14T17:58Z",12,1.90,"1 point",0.32,"-",0.00,0.00,0.00,0.04,0.00,0.00,0.04,0.03,1.37,0,
"8d7c7953-71eb-4c41-9edd-bc1551de4811","25963aad-b49e-46d1-9f05-99308c5671d9","D10","ARIK","ARIK.AOS.discharge","FSTEMMLER","2019-05-14T17:58Z","2019-05-14T17:58Z",4,1.10,"1 point",0.26,"-",0.00,0.00,0.00,0.05,0.00,0.00,0.05,0.03,1.19,0,
"386cbe07-90c9-4a7c-a718-d3ba58fe7f43","25963aad-b49e-46d1-9f05-99308c5671d9","D10","ARIK","ARIK.AOS.discharge","FSTEMMLER","2019-05-14T17:58Z","2019-05-14T17:58Z",1,0.80,"0 point",0.00,"-",0.00,0.00,0.00,0.00,0.00,0.00,0.00,0.00,0.00,0,
"0df7c340-c500-467a-98fd-37e91f2824f6","25963aad-b49e-46d1-9f05-99308c5671d9","D10","ARIK","ARIK.AOS.discharge","FSTEMMLER","2019-05-14T17:58Z","2019-05-14T17:58Z",21,2.60,"1 point",0.25,"-",0.00,0.00,0.00,0.05,0.00,0.00,0.05,0.04,1.84,0,
"30d39a57-e29f-4648-86f4-9784113dd992","25963aad-b49e-46d1-9f05-99308c5671d9","D10","ARIK","ARIK.AOS.discharge","FSTEMMLER","2019-05-14T17:58Z","2019-05-14T17:58Z",13,2.00,"1 point",0.32,"-",0.00,0.00,0.00,0.05,0.00,0.00,0.05,0.03,1.65,0,
"5953e445-8959-4ace-824e-73873f3ec7d4","25963aad-b49e-46d1-9f05-99308c5671d9","D10","ARIK","ARIK.AOS.discharge","FSTEMMLER","2019-05-14T17:58Z","2019-05-14T17:58Z",17,2.25,"1 point",0.30,"-",0.00,0.00,0.00,0.19,0.00,0.00,0.19,0.02,4.31,0,
"55edd82c-6b7d-4cd8-abdc-5b9701974ed9","25963aad-b49e-46d1-9f05-99308c5671d9","D10","ARIK","ARIK.AOS.discharge","FSTEMMLER","2019-05-14T17:58Z","2019-05-14T17:58Z",15,2.15,"1 point",0.30,"-",0.00,0.00,0.00,0.16,0.00,0.00,0.16,0.02,3.57,0,
"7adbc861-2ffd-46da-a053-c9755c11df13","25963aad-b49e-46d1-9f05-99308c5671d9","D10","ARIK","ARIK.AOS.discharge","FSTEMMLER","2019-05-14T17:58Z","2019-05-14T17:58Z",24,2.90,"0 point",0.00,"-",0.00,0.00,0.00,0.00,0.00,0.00,0.00,0.00,0.00,0,
"f6993afe-4efb-4dc7-a493-f0070ff04394","25963aad-b49e-46d1-9f05-99308c5671d9","D10","ARIK","ARIK.AOS.discharge","FSTEMMLER","2019-05-14T17:58Z","2019-05-14T17:58Z",5,1.20,"1 point",0.26,"-",0.00,0.00,0.00,0.05,0.00,0.00,0.05,0.03,1.38,0,
"97805ee0-76d3-46f7-b71a-57d950ebac18","25963aad-b49e-46d1-9f05-99308c5671d9","D10","ARIK","ARIK.AOS.discharge","FSTEMMLER","2019-05-14T17:58Z","2019-05-14T17:58Z",11,1.80,"1 point",0.30,"-",0.00,0.00,0.00,0.03,0.00,0.00,0.03,0.03,0.99,0,
"e850ba5e-7d14-4b8b-b7cc-49e27b59d3ed","25963aad-b49e-46d1-9f05-99308c5671d9","D10","ARIK","ARIK.AOS.discharge","FSTEMMLER","2019-05-14T17:58Z","2019-05-14T17:58Z",19,2.35,"1 point",0.28,"-",0.00,0.00,0.00,0.09,0.00,0.00,0.09,0.01,1.21,0,
"fc37562b-2054-480b-94a7-dfe9df47a8ca","25963aad-b49e-46d1-9f05-99308c5671d9","D10","ARIK","ARIK.AOS.discharge","FSTEMMLER","2019-05-14T17:58Z","2019-05-14T17:58Z",6,1.30,"1 point",0.26,"-",0.00,0.00,0.00,0.03,0.00,0.00,0.03,0.03,0.83,0,
"324f3702-3400-4de9-a81a-c1e143c6be04","25963aad-b49e-46d1-9f05-99308c5671d9","D10","ARIK","ARIK.AOS.discharge","FSTEMMLER","2019-05-14T17:58Z","2019-05-14T17:58Z",7,1.40,"1 point",0.28,"-",0.00,0.00,0.00,0.04,0.00,0.00,0.04,0.03,1.01,0,
"9ba997f6-db62-40b4-9a24-3551e204b503","25963aad-b49e-46d1-9f05-99308c5671d9","D10","ARIK","ARIK.AOS.discharge","FSTEMMLER","2019-05-14T17:58Z","2019-05-14T17:58Z",10,1.70,"1 point",0.29,"-",0.00,0.00,0.00,0.04,0.00,0.00,0.04,0.03,1.23,0,
"ba29edb6-57ab-4a96-a0ce-9d1d1151b41e","25963aad-b49e-46d1-9f05-99308c5671d9","D10","ARIK","ARIK.AOS.discharge","FSTEMMLER","2019-05-14T17:58Z","2019-05-14T17:58Z",9,1.60,"1 point",0.30,"-",0.00,0.00,0.00,0.03,0.00,0.00,0.03,0.03,0.82,0,
"0db48cb4-55fc-4b42-ac5e-57815db990d7","25963aad-b49e-46d1-9f05-99308c5671d9","D10","ARIK","ARIK.AOS.discharge","FSTEMMLER","2019-05-14T17:58Z","2019-05-14T17:58Z",2,0.90,"1 point",0.18,"-",0.00,0.00,0.00,0.01,0.00,0.00,0.01,0.02,0.10,1,
"b4888edc-1531-46c7-8239-a55784e820d3","25963aad-b49e-46d1-9f05-99308c5671d9","D10","ARIK","ARIK.AOS.discharge","FSTEMMLER","2019-05-14T17:58Z","2019-05-14T17:58Z",14,2.10,"1 point",0.32,"-",0.00,0.00,0.00,0.09,0.00,0.00,0.09,0.03,2.92,0,
"96e4658d-163c-44c0-912d-8ac42f6f9cf0","25963aad-b49e-46d1-9f05-99308c5671d9","D10","ARIK","ARIK.AOS.discharge","FSTEMMLER","2019-05-14T17:58Z","2019-05-14T17:58Z",23,2.80,"1 point",0.16,"-",0.00,0.00,0.00,0.03,0.00,0.00,0.03,0.02,0.50,0,
"0f540d9a-1f63-45e0-804f-bbfddb3999bc","25963aad-b49e-46d1-9f05-99308c5671d9","D10","ARIK","ARIK.AOS.discharge","FSTEMMLER","2019-05-14T17:58Z","2019-05-14T17:58Z",20,2.40,"1 point",0.28,"-",0.00,0.00,0.00,0.10,0.00,0.00,0.10,0.04,3.57,0,
"8aa9a6ba-5b02-4bb0-b9b6-746573ef4a17","25963aad-b49e-46d1-9f05-99308c5671d9","D10","ARIK","ARIK.AOS.discharge","FSTEMMLER","2019-05-14T17:58Z","2019-05-14T17:58Z",3,1.00,"1 point",0.23,"-",0.00,0.00,0.00,0.01,0.00,0.00,0.01,0.02,0.28,0,
"5768ef75-9f33-423e-b9a1-3d58b50ada8d","25963aad-b49e-46d1-9f05-99308c5671d9","D10","ARIK","ARIK.AOS.discharge","FSTEMMLER","2019-05-14T17:58Z","2019-05-14T17:58Z",18,2.30,"1 point",0.28,"-",0.00,0.00,0.00,0.17,0.00,0.00,0.17,0.01,2.43,0,
"269d6a7d-6083-4761-9790-d852e6377d16","25963aad-b49e-46d1-9f05-99308c5671d9","D10","ARIK","ARIK.AOS.discharge","FSTEMMLER","2019-05-14T17:58Z","2019-05-14T17:58Z",8,1.50,"1 point",0.30,"-",0.00,0.00,0.00,0.03,0.00,0.00,0.03,0.03,0.76,0,
"9a3648fb-25a8-40c6-aae7-18c16bc89f57","25963aad-b49e-46d1-9f05-99308c5671d9","D10","ARIK","ARIK.AOS.discharge","FSTEMMLER","2019-05-14T17:58Z","2019-05-14T17:58Z",22,2.70,"1 point",0.24,"-",0.00,0.00,0.00,0.02,0.00,0.00,0.02,0.02,0.43,0,
"21d240d6-9964-4750-b8ac-a10fd9fdec7c","25963aad-b49e-46d1-9f05-99308c5671d9","D10","ARIK","ARIK.AOS.discharge","FSTEMMLER","2019-05-14T17:58Z","2019-05-14T17:58Z",16,2.20,"1 point",0.30,"-",0.00,0.00,0.00,0.12,0.00,0.00,0.12,0.02,2.62,0,
