uid,recorduid,domainID,siteID,namedLocation,collectedBy,startDate,collectDate,stationNumber,tapeDistance,streamProfilingMethod,waterDepth,edgeFactor,surfaceVelocity,oneFifthDepthVelocity,twoFifthDepthVelocity,threeFifthDepthVelocity,fourFifthDepthVelocity,bedVelocity,averageVelocity,sectionArea,sectionFlow,lowVelocityQF,dataQF
"1c9dcf48-4531-4dea-8519-a51cd184f5c2","2fb6ebbc-a1bf-4260-9bdd-9b479b490f08","D10","ARIK","ARIK.AOS.discharge","BNANCE","2018-11-06T01:03Z","2018-11-06T01:03Z",9,1.45,"1 point",0.30,"-",0.00,0.00,0.00,0.02,0.00,0.00,0.02,0.03,0.64,0,
"05014675-2bd1-47a2-a7f9-eace6d66b36d","2fb6ebbc-a1bf-4260-9bdd-9b479b490f08","D10","ARIK","ARIK.AOS.discharge","BNANCE","2018-11-06T01:03Z","2018-11-06T01:03Z",21,2.65,"1 point",0.30,"-",0.00,0.00,0.00,0.02,0.00,0.00,0.02,0.14,2.41,0,
"a60fbf99-cf4e-4bb4-9d56-0cc04cf0b556","2fb6ebbc-a1bf-4260-9bdd-9b479b490f08","D10","ARIK","ARIK.AOS.discharge","BNANCE","2018-11-06T01:03Z","2018-11-06T01:03Z",8,1.35,"1 point",0.29,"-",0.00,0.00,0.00,0.03,0.00,0.00,0.03,0.02,0.72,0,
"f26a9690-4f55-493e-80f8-8aeea2f4a557","2fb6ebbc-a1bf-4260-9bdd-9b479b490f08","D10","ARIK","ARIK.AOS.discharge","BNANCE","2018-11-06T01:03Z","2018-11-06T01:03Z",20,2.50,"1 point",0.30,"-",0.00,0.00,0.00,0.03,0.00,0.00,0.03,0.15,4.73,0,
"381213d7-abd5-4ce8-9b39-fb80966d82bf","2fb6ebbc-a1bf-4260-9bdd-9b479b490f08","D10","ARIK","ARIK.AOS.discharge","BNANCE","2018-11-06T01:03Z","2018-11-06T01:03Z",4,1.14,"1 point",0.23,"-",0.00,0.00,0.00,0.01,0.00,0.00,0.01,0.13,1.19,1,
"7088b661-fbb0-4360-a95e-c85359074b55","2fb6ebbc-a1bf-4260-9bdd-9b479b490f08","D10","ARIK","ARIK.AOS.discharge","BNANCE","2018-11-06T01:03Z","2018-11-06T01:03Z",22,2.75,"1 point",0.29,"-",0.00,0.00,0.00,0.02,0.00,0.00,0.02,0.18,3.34,0,
"fc348ba5-6a64-4127-86f3-fce1f3846ff7","2fb6ebbc-a1bf-4260-9bdd-9b479b490f08","D10","ARIK","ARIK.AOS.discharge","BNANCE","2018-11-06T01:03Z","2018-11-06T01:03Z",23,2.87,"1 point",0.28,"-",0.00,0.00,0.00,0.01,0.00,0.00,0.01,0.17,2.26,0,
"4899553b-96bc-43f2-bead-f9a4b934f792","2fb6ebbc-a1bf-4260-9bdd-9b479b490f08","D10","ARIK","ARIK.AOS.discharge","BNANCE","2018-11-06T01:03Z","2018-11-06T01:03Z",5,1.20,"1 point",0.26,"-",0.00,0.00,0.00,0.02,0.00,0.00,0.02,0.02,0.44,0,
"5d6d34e9-d375-4715-83ff-bdd4a2ffc40f","2fb6ebbc-a1bf-4260-9bdd-9b479b490f08","D10","ARIK","ARIK.AOS.discharge","BNANCE","2018-11-06T01:03Z","2018-11-06T01:03Z",16,2.10,"1 point",0.30,"-",0.00,0.00,0.00,0.03,0.00,0.00,0.03,0.02,0.52,0,
"46c1571c-2f3c-410d-8ac0-2abe11647a15","2fb6ebbc-a1bf-4260-9bdd-9b479b490f08","D10","ARIK","ARIK.AOS.discharge","BNANCE","2018-11-06T01:03Z","2018-11-06T01:03Z",18,2.25,"1 point",0.30,"-",0.00,0.00,0.00,0.04,0.00,0.00,0.04,0.03,1.30,0,
"91536b61-ad57-440a-a963-f1d3c9ab836c","2fb6ebbc-a1bf-4260-9bdd-9b479b490f08","D10","ARIK","ARIK.AOS.discharge","BNANCE","2018-11-06T01:03Z","2018-11-06T01:03Z",24,2.99,"0 point",0.00,"-",0.00,0.00,0.00,0.00,0.00,0.00,0.00,0.00,0.00,0,
"edcc3cd9-e50f-402b-a416-c234fd10918b","2fb6ebbc-a1bf-4260-9bdd-9b479b490f08","D10","ARIK","ARIK.AOS.discharge","BNANCE","2018-11-06T01:03Z","2018-11-06T01:03Z",15,2.05,"1 point",0.30,"-",0.00,0.00,0.00,0.02,0.00,0.00,0.02,0.27,6.20,0,
"1d3297b4-9038-4c84-87a6-9b9b5565461f","2fb6ebbc-a1bf-4260-9bdd-9b479b490f08","D10","ARIK","ARIK.AOS.discharge","BNANCE","2018-11-06T01:03Z","2018-11-06T01:03Z",17,2.15,"1 point",0.30,"-",0.00,0.00,0.00,0.04,0.00,0.00,0.04,0.02,0.89,0,
"95485edd-2a6a-4261-bf41-fcdcd146efb1","2fb6ebbc-a1bf-4260-9bdd-9b479b490f08","D10","ARIK","ARIK.AOS.discharge","BNANCE","2018-11-06T01:03Z","2018-11-06T01:03Z",6,1.25,"1 point",0.29,"-",0.00,0.00,0.00,0.03,0.00,0.00,0.03,0.01,0.46,0,
"832a4507-ef12-4891-abe5-825675622aeb","2fb6ebbc-a1bf-4260-9bdd-9b479b490f08","D10","ARIK","ARIK.AOS.discharge","BNANCE","2018-11-06T01:03Z","2018-11-06T01:03Z",10,1.55,"1 point",0.30,"-",0.00,0.00,0.00,0.02,0.00,0.00,0.02,0.03,0.66,0,
"647d84cc-086f-412b-a663-5c14b947f5c9","2fb6ebbc-a1bf-4260-9bdd-9b479b490f08","D10","ARIK","ARIK.AOS.discharge","BNANCE","2018-11-06T01:03Z","2018-11-06T01:03Z",12,1.75,"1 point",0.30,"-",0.00,0.00,0.00,0.03,0.00,0.00,0.03,0.03,0.82,0,
"355d6ecb-fc1c-49fa-bdfe-019211a06a30","2fb6ebbc-a1bf-4260-9bdd-9b479b490f08","D10","ARIK","ARIK.AOS.discharge","BNANCE","2018-11-06T01:03Z","2018-11-06T01:03Z",7,1.30,"1 point",0.29,"-",0.00,0.00,0.00,0.02,0.00,0.00,0.02,0.01,0.15,0,
"13e49d7d-879b-408f-a09f-991179ea37c4","2fb6ebbc-a1bf-4260-9bdd-9b479b490f08","D10","ARIK","ARIK.AOS.discharge","BNANCE","2018-11-06T01:03Z","2018-11-06T01:03Z",19,2.35,"1 point",0.29,"-",0.00,0.00,0.00,0.04,0.00,0.00,0.04,0.04,1.51,0,
"2aa0a3cb-ae77-4861-8ec1-92b57123871f","2fb6ebbc-a1bf-4260-9bdd-9b479b490f08","D10","ARIK","ARIK.AOS.discharge","BNANCE","2018-11-06T01:03Z","2018-11-06T01:03Z",3,1.08,"1 point",0.19,"-",0.00,0.00,0.00,0.02,0.00,0.00,0.02,0.19,3.85,0,
"b6a5e25c-80f3-4d63-8a32-854a6fc16876","2fb6ebbc-a1bf-4260-9bdd-9b479b490f08","D10","ARIK","ARIK.AOS.discharge","BNANCE","2018-11-06T01:03Z","2018-11-06T01:03Z",14,1.95,"1 point",0.30,"-",0.00,0.00,0.00,0.02,0.00,0.00,0.02,0.50,9.48,0,
"880d654b-0ab3-4165-b135-dbf87c2ccb50","2fb6ebbc-a1bf-4260-9bdd-9b479b490f08","D10","ARIK","ARIK.AOS.discharge","BNANCE","2018-11-06T01:03Z","2018-11-06T01:03Z",13,1.85,"1 point",0.30,"-",0.00,0.00,0.00,0.02,0.00,0.00,0.02,0.25,5.71,0,
"16abc430-d7a8-4365-b5f4-f8e62d9a6b66","2fb6ebbc-a1bf-4260-9bdd-9b479b490f08","D10","ARIK","ARIK.AOS.discharge","BNANCE","2018-11-06T01:03Z","2018-11-06T01:03Z",2,1.03,"1 point",0.08,"-",0.00,0.00,0.00,0.01,0.00,0.00,0.01,0.04,0.46,0,
"7952ea1d-84b9-45b3-b388-41a8b8935a4c","2fb6ebbc-a1bf-4260-9bdd-9b479b490f08","D10","ARIK","ARIK.AOS.discharge","BNANCE","2018-11-06T01:03Z","2018-11-06T01:03Z",1,0.97,"0 point",0.00,"-",0.00,0.00,0.00,0.00,0.00,0.00,0.00,0.00,0.00,0,
"d6410cfa-f895-416f-be16-664ba86eee4c","2fb6ebbc-a1bf-4260-9bdd-9b479b490f08","D10","ARIK","ARIK.AOS.discharge","BNANCE","2018-11-06T01:03Z","2018-11-06T01:03Z",11,1.65,"1 point",0.28,"-",0.00,0.00,0.00,0.02,0.00,0.00,0.02,0.03,0.60,0,
"11300683-61c3-46c8-affc-288c52349d2f","40308faa-b000-445e-8916-dd9351f2ac68","D10","ARIK","ARIK.AOS.discharge","BNANCE","2018-11-15T00:25Z","2018-11-15T00:25Z",1,0.95,"0 point",0.00,"-",0.00,0.00,0.00,0.00,0.00,0.00,0.00,0.00,0.00,0,
"e3dc3d5c-5aaf-4f6e-86e4-783164e74c98","40308faa-b000-445e-8916-dd9351f2ac68","D10","ARIK","ARIK.AOS.discharge","BNANCE","2018-11-15T00:25Z","2018-11-15T00:25Z",8,1.60,"1 point",0.31,"-",0.00,0.00,0.00,0.04,0.00,0.00,0.04,0.03,1.23,0,
"b534d5ba-215a-4004-9e68-166029f4448d","40308faa-b000-445e-8916-dd9351f2ac68","D10","ARIK","ARIK.AOS.discharge","BNANCE","2018-11-15T00:25Z","2018-11-15T00:25Z",14,2.15,"1 point",0.31,"-",0.00,0.00,0.00,0.06,0.00,0.00,0.06,0.02,0.88,0,
"5b995743-677a-4f5d-8f64-59b401de9aca","40308faa-b000-445e-8916-dd9351f2ac68","D10","ARIK","ARIK.AOS.discharge","BNANCE","2018-11-15T00:25Z","2018-11-15T00:25Z",20,2.60,"1 point",0.32,"-",0.00,0.00,0.00,0.03,0.00,0.00,0.03,0.03,0.82,0,
"78dbbf5f-e944-4609-90bd-3e7c95a6f249","40308faa-b000-445e-8916-dd9351f2ac68","D10","ARIK","ARIK.AOS.discharge","BNANCE","2018-11-15T00:25Z","2018-11-15T00:25Z",19,2.50,"1 point",0.32,"-",0.00,0.00,0.00,0.04,0.00,0.00,0.04,0.03,1.24,0,
"5e108a9b-86bd-495a-a2e4-3e339a1cec8a","40308faa-b000-445e-8916-dd9351f2ac68","D10","ARIK","ARIK.AOS.discharge","BNANCE","2018-11-15T00:25Z","2018-11-15T00:25Z",12,2.00,"1 point",0.32,"-",0.00,0.00,0.00,0.03,0.00,0.00,0.03,0.03,0.83,0,
"7ff4295a-1ad9-4b11-af29-f4f715676642","40308faa-b000-445e-8916-dd9351f2ac68","D10","ARIK","ARIK.AOS.discharge","BNANCE","2018-11-15T00:25Z","2018-11-15T00:25Z",6,1.40,"1 point",0.32,"-",0.00,0.00,0.00,0.02,0.00,0.00,0.02,0.03,0.59,0,
"314f8f04-9fd8-43cb-8697-61f144341078","40308faa-b000-445e-8916-dd9351f2ac68","D10","ARIK","ARIK.AOS.discharge","BNANCE","2018-11-15T00:25Z","2018-11-15T00:25Z",21,2.70,"1 point",0.31,"-",0.00,0.00,0.00,0.03,0.00,0.00,0.03,0.03,0.86,0,
"87ca3f0c-f337-4915-a404-454a66c94ba6","40308faa-b000-445e-8916-dd9351f2ac68","D10","ARIK","ARIK.AOS.discharge","BNANCE","2018-11-15T00:25Z","2018-11-15T00:25Z",11,1.90,"1 point",0.32,"-",0.00,0.00,0.00,0.02,0.00,0.00,0.02,0.03,0.63,0,
"ade0134c-3e42-4fbf-a15f-0dbcfe817463","40308faa-b000-445e-8916-dd9351f2ac68","D10","ARIK","ARIK.AOS.discharge","BNANCE","2018-11-15T00:25Z","2018-11-15T00:25Z",4,1.20,"1 point",0.30,"-",0.00,0.00,0.00,0.02,0.00,0.00,0.02,0.03,0.59,0,
"5a8f7370-0e29-4370-8418-8cc1ed1385b3","40308faa-b000-445e-8916-dd9351f2ac68","D10","ARIK","ARIK.AOS.discharge","BNANCE","2018-11-15T00:25Z","2018-11-15T00:25Z",9,1.70,"1 point",0.32,"-",0.00,0.00,0.00,0.04,0.00,0.00,0.04,0.03,1.22,0,
"d22acd74-69fa-4ce6-aedf-428ed1d38421","40308faa-b000-445e-8916-dd9351f2ac68","D10","ARIK","ARIK.AOS.discharge","BNANCE","2018-11-15T00:25Z","2018-11-15T00:25Z",15,2.20,"1 point",0.32,"-",0.00,0.00,0.00,0.06,0.00,0.00,0.06,0.02,0.94,0,
"aaee7f95-24ce-47fc-a3fd-26e990feaf2c","40308faa-b000-445e-8916-dd9351f2ac68","D10","ARIK","ARIK.AOS.discharge","BNANCE","2018-11-15T00:25Z","2018-11-15T00:25Z",5,1.30,"1 point",0.30,"-",0.00,0.00,0.00,0.01,0.00,0.00,0.01,0.03,0.39,0,
"e1e94fbf-9fd2-4512-b380-4c19608014a0","40308faa-b000-445e-8916-dd9351f2ac68","D10","ARIK","ARIK.AOS.discharge","BNANCE","2018-11-15T00:25Z","2018-11-15T00:25Z",16,2.25,"1 point",0.30,"-",0.00,0.00,0.00,0.06,0.00,0.00,0.06,0.02,0.94,0,
"e3ce583f-5759-4769-b58e-7ff3747c2bbd","40308faa-b000-445e-8916-dd9351f2ac68","D10","ARIK","ARIK.AOS.discharge","BNANCE","2018-11-15T00:25Z","2018-11-15T00:25Z",7,1.50,"1 point",0.30,"-",0.00,0.00,0.00,0.03,0.00,0.00,0.03,0.03,0.75,0,
"fffc3edc-91cd-4f21-8c80-36427620b97d","40308faa-b000-445e-8916-dd9351f2ac68","D10","ARIK","ARIK.AOS.discharge","BNANCE","2018-11-15T00:25Z","2018-11-15T00:25Z",3,1.10,"1 point",0.24,"-",0.00,0.00,0.00,0.01,0.00,0.00,0.01,0.02,0.15,1,
"5c94d12a-6bde-44de-a77e-a1810a62b10d","40308faa-b000-445e-8916-dd9351f2ac68","D10","ARIK","ARIK.AOS.discharge","BNANCE","2018-11-15T00:25Z","2018-11-15T00:25Z",17,2.30,"1 point",0.31,"-",0.00,0.00,0.00,0.06,0.00,0.00,0.06,0.02,1.42,0,
"cfe4e21d-433d-4e28-a72c-37b6fc28dbce","40308faa-b000-445e-8916-dd9351f2ac68","D10","ARIK","ARIK.AOS.discharge","BNANCE","2018-11-15T00:25Z","2018-11-15T00:25Z",18,2.40,"1 point",0.32,"-",0.00,0.00,0.00,0.05,0.00,0.00,0.05,0.03,1.63,0,
"0f408b23-7f06-4fcd-b6a2-8ec6a7b04a1c","40308faa-b000-445e-8916-dd9351f2ac68","D10","ARIK","ARIK.AOS.discharge","BNANCE","2018-11-15T00:25Z","2018-11-15T00:25Z",23,3.00,"0 point",0.00,"-",0.00,0.00,0.00,0.00,0.00,0.00,0.00,0.00,0.00,0,
"36729846-a211-467b-abde-0e0af9f843c0","40308faa-b000-445e-8916-dd9351f2ac68","D10","ARIK","ARIK.AOS.discharge","BNANCE","2018-11-15T00:25Z","2018-11-15T00:25Z",10,1.80,"1 point",0.32,"-",0.00,0.00,0.00,0.04,0.00,0.00,0.04,0.03,1.16,0,
"ce7c850c-5e33-4736-94d4-c4a459839243","40308faa-b000-445e-8916-dd9351f2ac68","D10","ARIK","ARIK.AOS.discharge","BNANCE","2018-11-15T00:25Z","2018-11-15T00:25Z",2,1.00,"1 point",0.15,"-",0.00,0.00,0.00,0.02,0.00,0.00,0.02,0.01,0.18,0,
"caa365fd-d015-4fe4-bec5-ad7dd198c3e5","40308faa-b000-445e-8916-dd9351f2ac68","D10","ARIK","ARIK.AOS.discharge","BNANCE","2018-11-15T00:25Z","2018-11-15T00:25Z",13,2.10,"1 point",0.31,"-",0.00,0.00,0.00,0.04,0.00,0.00,0.04,0.02,0.98,0,
"2acafd70-25a5-4abc-9970-3a288b954c7f","40308faa-b000-445e-8916-dd9351f2ac68","D10","ARIK","ARIK.AOS.discharge","BNANCE","2018-11-15T00:25Z","2018-11-15T00:25Z",22,2.82,"1 point",0.30,"-",0.00,0.00,0.00,0.02,0.00,0.00,0.02,0.05,0.76,0,
