uid,recorduid,domainID,siteID,namedLocation,collectedBy,startDate,collectDate,streamStage,streamStageUnits,handheldDeviceID,velocitySensorID,filterParamTime,stationEntryTest,flowCalculation,waterEdge,totalDischarge,totalDischargeUnits,samplingProtocolVersion,averageVelocityUnits,waterDepthUnits,tapeDistanceUnits,flowCalcQF,dischargeUnitsQF,streamStageUnitsQF,averageVelocityUnitsQF,waterDepthUnitsQF,tapeDistanceUnitsQF,lowVelocityFinalQF,dataQF
"ace798a0-b181-4c29-8bfb-6f01a44c84af","bffa40f8-fe7c-408b-8a8f-cec345cb0540","D10","ARIK","ARIK.AOS.discharge","HSCHARTEL","2016-03-01T20:51Z","2016-03-01T20:51Z",0.35,"meter","122581001261","132660300436",10.0,"Non-fixed","Mid-section","Right edge water",56.64,"litersPerSecond","NEON.DOC.001085vC","meterPerSecond","meter","meter","0",0,0,0,0,0,0,
"bb8f8c23-31fe-4c2e-9253-7872868ec6d5","e15c1262-044b-431b-b7f2-f4b02ff82e0f","D10","ARIK","ARIK.AOS.discharge","DMONAHAN","2016-03-15T06:13Z","2016-03-15T06:13Z",0.33,"meter","122581001261","132660300436",10.0,"Non-fixed","Mid-section","Right edge water",42.61,"litersPerSecond","NEON.DOC.001085vC","meterPerSecond","meter","meter","0",0,0,0,0,0,0,
"3570c66b-47c8-4788-a78e-8dd90fe33674","66641f31-0b1d-47b6-a65f-b15c7c5f1ed9","D10","ARIK","ARIK.AOS.discharge","DMONAHAN","2016-03-15T17:33Z","2016-03-15T17:33Z",0.33,"meter","122581001261","132660300436",10.0,"Non-fixed","Mid-section","Right edge water",119.40,"litersPerSecond","NEON.DOC.001085vC","meterPerSecond","meter","meter","0",0,0,0,0,0,0,
"0558f013-a242-4d3c-b979-f01cc01896eb","93fcb6ef-87f9-4dea-b650-35f16cbeee08","D10","ARIK","ARIK.AOS.discharge","HSCHARTEL","2016-03-15T17:50Z","2016-03-15T17:50Z",0.33,"meter","122581001261","132660300436",10.0,"Non-fixed","Mid-section","Right edge water",42.26,"litersPerSecond","NEON.DOC.001085vC","meterPerSecond","meter","meter","0",0,0,0,0,0,0,
