uid,recorduid,domainID,siteID,namedLocation,collectedBy,startDate,collectDate,stationNumber,tapeDistance,streamProfilingMethod,waterDepth,edgeFactor,surfaceVelocity,oneFifthDepthVelocity,twoFifthDepthVelocity,threeFifthDepthVelocity,fourFifthDepthVelocity,bedVelocity,averageVelocity,sectionArea,sectionFlow,lowVelocityQF,dataQF
"a8eff7a6-739b-4083-a627-aa953bb35682","bffa40f8-fe7c-408b-8a8f-cec345cb0540","D10","ARIK","ARIK.AOS.discharge","HSCHARTEL","2016-03-01T20:51Z","2016-03-01T20:51Z",5,1.50,"1 point",0.20,"-",0.00,0.00,0.00,0.16,0.00,0.00,0.16,0.02,3.25,0,
"e2c41193-ec69-460e-9656-0c975155f51c","bffa40f8-fe7c-408b-8a8f-cec345cb0540","D10","ARIK","ARIK.AOS.discharge","HSCHARTEL","2016-03-01T20:51Z","2016-03-01T20:51Z",12,2.20,"1 point",0.24,"-",0.00,0.00,0.00,0.13,0.00,0.00,0.13,0.02,3.22,0,
"9a820a19-5e98-47ee-b20f-c5909e6b9f6e","bffa40f8-fe7c-408b-8a8f-cec345cb0540","D10","ARIK","ARIK.AOS.discharge","HSCHARTEL","2016-03-01T20:51Z","2016-03-01T20:51Z",21,3.10,"0 point",0.00,"-",0.00,0.00,0.00,0.00,0.00,0.00,0.00,0.00,0.00,0,
"c830113d-5f4a-4500-8fde-fb64a5887ee5","bffa40f8-fe7c-408b-8a8f-cec345cb0540","D10","ARIK","ARIK.AOS.discharge","HSCHARTEL","2016-03-01T20:51Z","2016-03-01T20:51Z",8,1.80,"1 point",0.28,"-",0.00,0.00,0.00,0.17,0.00,0.00,0.17,0.03,4.66,0,
"4d483f4e-b761-4392-9b44-5f52b3425962","bffa40f8-fe7c-408b-8a8f-cec345cb0540","D10","ARIK","ARIK.AOS.discharge","HSCHARTEL","2016-03-01T20:51Z","2016-03-01T20:51Z",6,1.60,"1 point",0.25,"-",0.00,0.00,0.00,0.20,0.00,0.00,0.20,0.02,4.98,0,
"994546c0-0f80-4157-8cd7-3a80240f00ef","bffa40f8-fe7c-408b-8a8f-cec345cb0540","D10","ARIK","ARIK.AOS.discharge","HSCHARTEL","2016-03-01T20:51Z","2016-03-01T20:51Z",16,2.60,"1 point",0.16,"-",0.00,0.00,0.00,0.22,0.00,0.00,0.22,0.02,3.61,0,
"03482825-742a-440f-a1e2-c2510efe222e","bffa40f8-fe7c-408b-8a8f-cec345cb0540","D10","ARIK","ARIK.AOS.discharge","HSCHARTEL","2016-03-01T20:51Z","2016-03-01T20:51Z",10,2.00,"1 point",0.27,"-",0.00,0.00,0.00,0.19,0.00,0.00,0.19,0.03,5.02,0,
"0b37134f-62d4-49e5-9786-116faed01011","bffa40f8-fe7c-408b-8a8f-cec345cb0540","D10","ARIK","ARIK.AOS.discharge","HSCHARTEL","2016-03-01T20:51Z","2016-03-01T20:51Z",20,3.00,"1 point",0.07,"-",0.00,0.00,0.00,0.01,0.00,0.00,0.01,0.01,0.04,0,
"cb77525a-7000-4ee0-84c8-82923374a81b","bffa40f8-fe7c-408b-8a8f-cec345cb0540","D10","ARIK","ARIK.AOS.discharge","HSCHARTEL","2016-03-01T20:51Z","2016-03-01T20:51Z",18,2.80,"1 point",0.10,"-",0.00,0.00,0.00,0.04,0.00,0.00,0.04,0.01,0.41,0,
"b70494c4-a949-4505-84f5-2d44da57fbad","bffa40f8-fe7c-408b-8a8f-cec345cb0540","D10","ARIK","ARIK.AOS.discharge","HSCHARTEL","2016-03-01T20:51Z","2016-03-01T20:51Z",4,1.40,"1 point",0.16,"-",0.00,0.00,0.00,0.09,0.00,0.00,0.09,0.01,1.51,0,
"d21085a7-27a1-43cb-bea4-2ef608b4caaa","bffa40f8-fe7c-408b-8a8f-cec345cb0540","D10","ARIK","ARIK.AOS.discharge","HSCHARTEL","2016-03-01T20:51Z","2016-03-01T20:51Z",9,1.90,"1 point",0.26,"-",0.00,0.00,0.00,0.16,0.00,0.00,0.16,0.03,4.14,0,
"c0b5007b-237a-457b-a00b-998e3d0a130e","bffa40f8-fe7c-408b-8a8f-cec345cb0540","D10","ARIK","ARIK.AOS.discharge","HSCHARTEL","2016-03-01T20:51Z","2016-03-01T20:51Z",11,2.10,"1 point",0.27,"-",0.00,0.00,0.00,0.15,0.00,0.00,0.15,0.03,4.17,0,
"b7ecf472-a37a-4f3d-bef5-71aeaa728d1f","bffa40f8-fe7c-408b-8a8f-cec345cb0540","D10","ARIK","ARIK.AOS.discharge","HSCHARTEL","2016-03-01T20:51Z","2016-03-01T20:51Z",7,1.70,"1 point",0.27,"-",0.00,0.00,0.00,0.18,0.00,0.00,0.18,0.03,4.86,0,
"3114996c-7379-4033-bbce-0791c42c23b5","bffa40f8-fe7c-408b-8a8f-cec345cb0540","D10","ARIK","ARIK.AOS.discharge","HSCHARTEL","2016-03-01T20:51Z","2016-03-01T20:51Z",14,2.40,"1 point",0.20,"-",0.00,0.00,0.00,0.20,0.00,0.00,0.20,0.02,4.00,0,
"f0d7df0f-0ab6-4472-81a0-5936a017b291","bffa40f8-fe7c-408b-8a8f-cec345cb0540","D10","ARIK","ARIK.AOS.discharge","HSCHARTEL","2016-03-01T20:51Z","2016-03-01T20:51Z",17,2.70,"1 point",0.13,"-",0.00,0.00,0.00,0.18,0.00,0.00,0.18,0.01,2.34,0,
"685243ee-d3c7-4c43-bae7-fb4a650a64e4","bffa40f8-fe7c-408b-8a8f-cec345cb0540","D10","ARIK","ARIK.AOS.discharge","HSCHARTEL","2016-03-01T20:51Z","2016-03-01T20:51Z",1,1.10,"0 point",0.00,"-",0.00,0.00,0.00,0.00,0.00,0.00,0.00,0.00,0.00,0,
"92b8a1a0-6d3c-4a45-b17f-45eb68304bba","bffa40f8-fe7c-408b-8a8f-cec345cb0540","D10","ARIK","ARIK.AOS.discharge","HSCHARTEL","2016-03-01T20:51Z","2016-03-01T20:51Z",13,2.30,"1 point",0.22,"-",0.00,0.00,0.00,0.16,0.00,0.00,0.16,0.02,3.45,0,
"2101b09d-a502-4b74-8c73-b731b8681e5c","bffa40f8-fe7c-408b-8a8f-cec345cb0540","D10","ARIK","ARIK.AOS.discharge","HSCHARTEL","2016-03-01T20:51Z","2016-03-01T20:51Z",2,1.20,"1 point",0.12,"-",0.00,0.00,0.00,0.12,0.00,0.00,0.12,0.01,1.40,0,
"8a106b2c-d5bd-45a7-9427-3698d87853a6","bffa40f8-fe7c-408b-8a8f-cec345cb0540","D10","ARIK","ARIK.AOS.discharge","HSCHARTEL","2016-03-01T20:51Z","2016-03-01T20:51Z",19,2.90,"1 point",0.07,"-",0.00,0.00,0.00,0.00,0.00,0.00,0.00,0.01,0.03,0,
"a83cc230-2119-4a6d-9868-8548d5e99281","bffa40f8-fe7c-408b-8a8f-cec345cb0540","D10","ARIK","ARIK.AOS.discharge","HSCHARTEL","2016-03-01T20:51Z","2016-03-01T20:51Z",15,2.50,"1 point",0.19,"-",0.00,0.00,0.00,0.22,0.00,0.00,0.22,0.02,4.27,0,
"1069c220-e20d-4d9c-a97a-ae39dd6ce897","bffa40f8-fe7c-408b-8a8f-cec345cb0540","D10","ARIK","ARIK.AOS.discharge","HSCHARTEL","2016-03-01T20:51Z","2016-03-01T20:51Z",3,1.30,"1 point",0.14,"-",0.00,0.00,0.00,0.09,0.00,0.00,0.09,0.01,1.28,0,
"3b4b8e77-ebe5-4001-bb58-f23b8f8b109f","e15c1262-044b-431b-b7f2-f4b02ff82e0f","D10","ARIK","ARIK.AOS.discharge","DMONAHAN","2016-03-15T06:13Z","2016-03-15T06:13Z",18,2.10,"1 point",0.08,"-",0.00,0.00,0.00,0.04,0.00,0.00,0.04,0.01,0.29,0,
"33f617f9-fccc-40cf-b88d-f0a893042c3a","e15c1262-044b-431b-b7f2-f4b02ff82e0f","D10","ARIK","ARIK.AOS.discharge","DMONAHAN","2016-03-15T06:13Z","2016-03-15T06:13Z",11,1.40,"1 point",0.23,"-",0.00,0.00,0.00,0.13,0.00,0.00,0.13,0.02,2.93,0,
"018aa74b-528a-4aed-bcfa-2f8b018ff50c","e15c1262-044b-431b-b7f2-f4b02ff82e0f","D10","ARIK","ARIK.AOS.discharge","DMONAHAN","2016-03-15T06:13Z","2016-03-15T06:13Z",20,2.30,"0 point",0.00,"-",0.00,0.00,0.00,0.00,0.00,0.00,0.00,0.00,0.00,0,
"ee6d903f-5ed3-4037-8c07-03560c791ed4","e15c1262-044b-431b-b7f2-f4b02ff82e0f","D10","ARIK","ARIK.AOS.discharge","DMONAHAN","2016-03-15T06:13Z","2016-03-15T06:13Z",7,1.00,"1 point",0.24,"-",0.00,0.00,0.00,0.12,0.00,0.00,0.12,0.02,2.90,0,
"cbd67bf4-3700-4daa-8c9d-502fc8eb0eeb","e15c1262-044b-431b-b7f2-f4b02ff82e0f","D10","ARIK","ARIK.AOS.discharge","DMONAHAN","2016-03-15T06:13Z","2016-03-15T06:13Z",2,0.50,"1 point",0.13,"-",0.00,0.00,0.00,0.06,0.00,0.00,0.06,0.01,0.85,0,
"8d11212d-f1d7-4738-a459-f51447db204c","e15c1262-044b-431b-b7f2-f4b02ff82e0f","D10","ARIK","ARIK.AOS.discharge","DMONAHAN","2016-03-15T06:13Z","2016-03-15T06:13Z",12,1.50,"1 point",0.20,"-",0.00,0.00,0.00,0.14,0.00,0.00,0.14,0.02,2.83,0,
"a0e99138-7c44-4e44-a11e-4b04c337c566","e15c1262-044b-431b-b7f2-f4b02ff82e0f","D10","ARIK","ARIK.AOS.discharge","DMONAHAN","2016-03-15T06:13Z","2016-03-15T06:13Z",6,0.90,"1 point",0.24,"-",0.00,0.00,0.00,0.13,0.00,0.00,0.13,0.02,3.24,0,
"8564ef5c-f29f-41d5-be3e-be56a3460f17","e15c1262-044b-431b-b7f2-f4b02ff82e0f","D10","ARIK","ARIK.AOS.discharge","DMONAHAN","2016-03-15T06:13Z","2016-03-15T06:13Z",8,1.10,"1 point",0.25,"-",0.00,0.00,0.00,0.12,0.00,0.00,0.12,0.02,2.91,0,
"4125e704-4540-406e-8bc7-f26c2cd5e104","e15c1262-044b-431b-b7f2-f4b02ff82e0f","D10","ARIK","ARIK.AOS.discharge","DMONAHAN","2016-03-15T06:13Z","2016-03-15T06:13Z",5,0.80,"1 point",0.22,"-",0.00,0.00,0.00,0.14,0.00,0.00,0.14,0.02,3.04,0,
"218a1ce7-bc24-4dff-8465-c6b92f774093","e15c1262-044b-431b-b7f2-f4b02ff82e0f","D10","ARIK","ARIK.AOS.discharge","DMONAHAN","2016-03-15T06:13Z","2016-03-15T06:13Z",10,1.30,"1 point",0.24,"-",0.00,0.00,0.00,0.14,0.00,0.00,0.14,0.02,3.46,0,
"75073df4-867f-4edf-8d5b-add4c8e5dbba","e15c1262-044b-431b-b7f2-f4b02ff82e0f","D10","ARIK","ARIK.AOS.discharge","DMONAHAN","2016-03-15T06:13Z","2016-03-15T06:13Z",13,1.60,"1 point",0.20,"-",0.00,0.00,0.00,0.19,0.00,0.00,0.19,0.02,3.73,0,
"f276ace3-607f-4b08-a82a-49ed48ab6ee8","e15c1262-044b-431b-b7f2-f4b02ff82e0f","D10","ARIK","ARIK.AOS.discharge","DMONAHAN","2016-03-15T06:13Z","2016-03-15T06:13Z",16,1.90,"1 point",0.16,"-",0.00,0.00,0.00,0.18,0.00,0.00,0.18,0.02,2.93,0,
"44c397b2-ca6a-4b38-866e-d77a5988bee9","e15c1262-044b-431b-b7f2-f4b02ff82e0f","D10","ARIK","ARIK.AOS.discharge","DMONAHAN","2016-03-15T06:13Z","2016-03-15T06:13Z",14,1.70,"1 point",0.20,"-",0.00,0.00,0.00,0.18,0.00,0.00,0.18,0.02,3.66,0,
"2087d5cb-fe34-4a3d-b761-fe9faa7c30b7","e15c1262-044b-431b-b7f2-f4b02ff82e0f","D10","ARIK","ARIK.AOS.discharge","DMONAHAN","2016-03-15T06:13Z","2016-03-15T06:13Z",4,0.70,"1 point",0.17,"-",0.00,0.00,0.00,0.05,0.00,0.00,0.05,0.02,0.79,0,
"b6d047be-15de-4ecd-94f2-02d0622b329b","e15c1262-044b-431b-b7f2-f4b02ff82e0f","D10","ARIK","ARIK.AOS.discharge","DMONAHAN","2016-03-15T06:13Z","2016-03-15T06:13Z",1,0.40,"0 point",0.00,"-",0.00,0.00,0.00,0.00,0.00,0.00,0.00,0.00,0.00,0,
"fc10021e-1a6e-4e58-ade2-24143ba8e20f","e15c1262-044b-431b-b7f2-f4b02ff82e0f","D10","ARIK","ARIK.AOS.discharge","DMONAHAN","2016-03-15T06:13Z","2016-03-15T06:13Z",15,1.80,"1 point",0.19,"-",0.00,0.00,0.00,0.19,0.00,0.00,0.19,0.02,3.65,0,
"fa9c53ee-2a1b-4ccc-a8ac-72b54999bd4d","e15c1262-044b-431b-b7f2-f4b02ff82e0f","D10","ARIK","ARIK.AOS.discharge","DMONAHAN","2016-03-15T06:13Z","2016-03-15T06:13Z",9,1.20,"1 point",0.25,"-",0.00,0.00,0.00,0.11,0.00,0.00,0.11,0.02,2.85,0,
"206ba968-8cc6-41d0-8fb1-11540f110498","e15c1262-044b-431b-b7f2-f4b02ff82e0f","D10","ARIK","ARIK.AOS.discharge","DMONAHAN","2016-03-15T06:13Z","2016-03-15T06:13Z",17,2.00,"1 point",0.12,"-",0.00,0.00,0.00,0.16,0.00,0.00,0.16,0.01,1.97,0,
"d4410e90-1eb7-4e3c-8a77-ffa6eb23e874","e15c1262-044b-431b-b7f2-f4b02ff82e0f","D10","ARIK","ARIK.AOS.discharge","DMONAHAN","2016-03-15T06:13Z","2016-03-15T06:13Z",19,2.20,"1 point",0.06,"-",0.00,0.00,0.00,0.06,0.00,0.00,0.06,0.01,0.34,0,
"3ca4894d-f106-4b39-b888-5ce88dd776f9","e15c1262-044b-431b-b7f2-f4b02ff82e0f","D10","ARIK","ARIK.AOS.discharge","DMONAHAN","2016-03-15T06:13Z","2016-03-15T06:13Z",3,0.60,"1 point",0.14,"-",0.00,0.00,0.00,0.02,0.00,0.00,0.02,0.01,0.23,0,
"47a88321-feed-41b6-8edd-49c4b9ff45a6","66641f31-0b1d-47b6-a65f-b15c7c5f1ed9","D10","ARIK","ARIK.AOS.discharge","DMONAHAN","2016-03-15T17:33Z","2016-03-15T17:33Z",11,1.40,"1 point",0.23,"-",0.00,0.00,0.00,0.13,0.00,0.00,0.13,0.29,37.64,0,
"4b1fd2fc-36ef-46e7-b486-c6bc36c8d502","66641f31-0b1d-47b6-a65f-b15c7c5f1ed9","D10","ARIK","ARIK.AOS.discharge","DMONAHAN","2016-03-15T17:33Z","2016-03-15T17:33Z",18,2.20,"1 point",0.07,"-",0.00,0.00,0.00,0.04,0.00,0.00,0.04,0.01,0.25,0,
"9b635228-067a-42fb-a4df-1614c6d7bea6","66641f31-0b1d-47b6-a65f-b15c7c5f1ed9","D10","ARIK","ARIK.AOS.discharge","DMONAHAN","2016-03-15T17:33Z","2016-03-15T17:33Z",7,1.00,"1 point",0.24,"-",0.00,0.00,0.00,0.14,0.00,0.00,0.14,0.02,3.35,0,
"2ecdd8b9-b2c4-4a33-ad81-d8eca24ba151","66641f31-0b1d-47b6-a65f-b15c7c5f1ed9","D10","ARIK","ARIK.AOS.discharge","DMONAHAN","2016-03-15T17:33Z","2016-03-15T17:33Z",8,1.10,"1 point",0.20,"-",0.00,0.00,0.00,0.12,0.00,0.00,0.12,0.02,2.37,0,
"af3a2b57-d25e-431e-b724-684a1cfad4cf","66641f31-0b1d-47b6-a65f-b15c7c5f1ed9","D10","ARIK","ARIK.AOS.discharge","DMONAHAN","2016-03-15T17:33Z","2016-03-15T17:33Z",14,1.70,"1 point",0.18,"-",0.00,0.00,0.00,0.20,0.00,0.00,0.20,0.03,5.41,0,
"0c9cce2d-dfb2-4c0d-9aa7-f4fe1a3a0cd8","66641f31-0b1d-47b6-a65f-b15c7c5f1ed9","D10","ARIK","ARIK.AOS.discharge","DMONAHAN","2016-03-15T17:33Z","2016-03-15T17:33Z",2,0.50,"1 point",0.11,"-",0.00,0.00,0.00,0.06,0.00,0.00,0.06,0.01,0.63,0,
"3563fa12-e3fa-4de7-9d21-c94218ff2fe9","66641f31-0b1d-47b6-a65f-b15c7c5f1ed9","D10","ARIK","ARIK.AOS.discharge","DMONAHAN","2016-03-15T17:33Z","2016-03-15T17:33Z",3,0.60,"1 point",0.14,"-",0.00,0.00,0.00,0.02,0.00,0.00,0.02,0.01,0.23,0,
"cfac0094-b9c7-465b-97a8-4ca173a86298","66641f31-0b1d-47b6-a65f-b15c7c5f1ed9","D10","ARIK","ARIK.AOS.discharge","DMONAHAN","2016-03-15T17:33Z","2016-03-15T17:33Z",13,1.60,"1 point",0.19,"-",0.00,0.00,0.00,0.18,0.00,0.00,0.18,0.02,3.44,0,
"1cd3e0e2-def6-4415-8488-3798b33d930f","66641f31-0b1d-47b6-a65f-b15c7c5f1ed9","D10","ARIK","ARIK.AOS.discharge","DMONAHAN","2016-03-15T17:33Z","2016-03-15T17:33Z",19,2.30,"1 point",0.06,"-",0.00,0.00,0.00,0.01,0.00,0.00,0.01,0.00,0.11,0,
"5acb289a-fe7b-41b7-8513-7be67eae60f6","66641f31-0b1d-47b6-a65f-b15c7c5f1ed9","D10","ARIK","ARIK.AOS.discharge","DMONAHAN","2016-03-15T17:33Z","2016-03-15T17:33Z",9,1.20,"1 point",0.24,"-",0.00,0.00,0.00,0.12,0.00,0.00,0.12,0.02,2.87,0,
"63996b6c-3c3d-40e9-a5bc-81cde350b7ae","66641f31-0b1d-47b6-a65f-b15c7c5f1ed9","D10","ARIK","ARIK.AOS.discharge","DMONAHAN","2016-03-15T17:33Z","2016-03-15T17:33Z",12,1.50,"1 point",0.21,"-",0.00,0.00,0.00,0.14,0.00,0.00,0.14,0.15,20.86,0,
"722fc933-2eaa-4063-bb87-a8963ec4b43f","66641f31-0b1d-47b6-a65f-b15c7c5f1ed9","D10","ARIK","ARIK.AOS.discharge","DMONAHAN","2016-03-15T17:33Z","2016-03-15T17:33Z",1,0.40,"0 point",0.00,"-",0.00,0.00,0.00,0.00,0.00,0.00,0.00,0.00,0.00,0,
"3c4c31d6-0263-4f61-9627-13ad59ec624a","66641f31-0b1d-47b6-a65f-b15c7c5f1ed9","D10","ARIK","ARIK.AOS.discharge","DMONAHAN","2016-03-15T17:33Z","2016-03-15T17:33Z",17,2.10,"1 point",0.08,"-",0.00,0.00,0.00,0.09,0.00,0.00,0.09,0.08,7.61,0,
"f437b5ba-7f37-4223-ab5b-cf2510472b63","66641f31-0b1d-47b6-a65f-b15c7c5f1ed9","D10","ARIK","ARIK.AOS.discharge","DMONAHAN","2016-03-15T17:33Z","2016-03-15T17:33Z",6,0.90,"1 point",0.23,"-",0.00,0.00,0.00,0.14,0.00,0.00,0.14,0.02,3.24,0,
"f765e469-c2f7-4c1d-a6ed-59ad0cc72ecc","66641f31-0b1d-47b6-a65f-b15c7c5f1ed9","D10","ARIK","ARIK.AOS.discharge","DMONAHAN","2016-03-15T17:33Z","2016-03-15T17:33Z",20,2.40,"0 point",0.00,"-",0.00,0.00,0.00,0.00,0.00,0.00,0.00,0.00,0.00,0,
"68cd3fb5-4d36-447d-a34e-c8c4d95e121d","66641f31-0b1d-47b6-a65f-b15c7c5f1ed9","D10","ARIK","ARIK.AOS.discharge","DMONAHAN","2016-03-15T17:33Z","2016-03-15T17:33Z",16,2.00,"1 point",0.12,"-",0.00,0.00,0.00,0.16,0.00,0.00,0.16,0.01,1.98,0,
"b21ef0b5-cd8a-4af1-92ea-d9e7a6ee6e01","66641f31-0b1d-47b6-a65f-b15c7c5f1ed9","D10","ARIK","ARIK.AOS.discharge","DMONAHAN","2016-03-15T17:33Z","2016-03-15T17:33Z",15,1.90,"1 point",0.16,"-",0.00,0.00,0.00,0.17,0.00,0.00,0.17,0.02,4.08,0,
"74450acc-f31d-4469-8836-c9551d8eea47","66641f31-0b1d-47b6-a65f-b15c7c5f1ed9","D10","ARIK","ARIK.AOS.discharge","DMONAHAN","2016-03-15T17:33Z","2016-03-15T17:33Z",10,1.30,"1 point",0.24,"-",0.00,0.00,0.00,0.14,0.00,0.00,0.14,0.15,21.67,0,
"d1b68804-9d0e-437f-88f5-f675da0341be","66641f31-0b1d-47b6-a65f-b15c7c5f1ed9","D10","ARIK","ARIK.AOS.discharge","DMONAHAN","2016-03-15T17:33Z","2016-03-15T17:33Z",4,0.70,"1 point",0.15,"-",0.00,0.00,0.00,0.05,0.00,0.00,0.05,0.01,0.77,0,
"4bcea1fe-1d07-4179-812a-352f5b77880c","66641f31-0b1d-47b6-a65f-b15c7c5f1ed9","D10","ARIK","ARIK.AOS.discharge","DMONAHAN","2016-03-15T17:33Z","2016-03-15T17:33Z",5,0.80,"1 point",0.20,"-",0.00,0.00,0.00,0.14,0.00,0.00,0.14,0.02,2.87,0,
"621b1336-846a-44cf-8c96-a575bda9150c","93fcb6ef-87f9-4dea-b650-35f16cbeee08","D10","ARIK","ARIK.AOS.discharge","HSCHARTEL","2016-03-15T17:50Z","2016-03-15T17:50Z",20,2.30,"0 point",0.00,"-",0.00,0.00,0.00,0.00,0.00,0.00,0.00,0.00,0.00,0,
"cf722736-dc46-4779-b797-d8d26dd96c84","93fcb6ef-87f9-4dea-b650-35f16cbeee08","D10","ARIK","ARIK.AOS.discharge","HSCHARTEL","2016-03-15T17:50Z","2016-03-15T17:50Z",5,0.80,"1 point",0.18,"-",0.00,0.00,0.00,0.04,0.00,0.00,0.04,0.02,0.81,0,
"a14d3238-55cd-487d-8a13-b60d5befd0ed","93fcb6ef-87f9-4dea-b650-35f16cbeee08","D10","ARIK","ARIK.AOS.discharge","HSCHARTEL","2016-03-15T17:50Z","2016-03-15T17:50Z",16,1.90,"1 point",0.16,"-",0.00,0.00,0.00,0.19,0.00,0.00,0.19,0.02,2.99,0,
"8e327bd8-1c78-4228-a297-009136ef50b1","93fcb6ef-87f9-4dea-b650-35f16cbeee08","D10","ARIK","ARIK.AOS.discharge","HSCHARTEL","2016-03-15T17:50Z","2016-03-15T17:50Z",10,1.30,"1 point",0.24,"-",0.00,0.00,0.00,0.15,0.00,0.00,0.15,0.02,3.70,0,
"2825af7b-defc-42b8-a01d-a23c7332e2a6","93fcb6ef-87f9-4dea-b650-35f16cbeee08","D10","ARIK","ARIK.AOS.discharge","HSCHARTEL","2016-03-15T17:50Z","2016-03-15T17:50Z",17,2.00,"1 point",0.16,"-",0.00,0.00,0.00,0.17,0.00,0.00,0.17,0.02,2.78,0,
"994fae0d-e3d2-456d-bae4-a6b442e8540b","93fcb6ef-87f9-4dea-b650-35f16cbeee08","D10","ARIK","ARIK.AOS.discharge","HSCHARTEL","2016-03-15T17:50Z","2016-03-15T17:50Z",14,1.70,"1 point",0.18,"-",0.00,0.00,0.00,0.22,0.00,0.00,0.22,0.02,3.90,0,
"027952f2-ad44-4292-a97e-2c479f95212d","93fcb6ef-87f9-4dea-b650-35f16cbeee08","D10","ARIK","ARIK.AOS.discharge","HSCHARTEL","2016-03-15T17:50Z","2016-03-15T17:50Z",4,0.70,"1 point",0.15,"-",0.00,0.00,0.00,0.01,0.00,0.00,0.01,0.01,0.14,0,
"18f27d0d-33c8-435e-aaad-3b88b8f435f7","93fcb6ef-87f9-4dea-b650-35f16cbeee08","D10","ARIK","ARIK.AOS.discharge","HSCHARTEL","2016-03-15T17:50Z","2016-03-15T17:50Z",1,0.40,"0 point",0.00,"-",0.00,0.00,0.00,0.00,0.00,0.00,0.00,0.00,0.00,0,
"06a7ca4d-9565-4da6-bca6-bc4b1942824a","93fcb6ef-87f9-4dea-b650-35f16cbeee08","D10","ARIK","ARIK.AOS.discharge","HSCHARTEL","2016-03-15T17:50Z","2016-03-15T17:50Z",18,2.10,"1 point",0.10,"-",0.00,0.00,0.00,0.14,0.00,0.00,0.14,0.01,1.37,0,
"ffe70595-66ae-48cb-8d38-f605ce2661b3","93fcb6ef-87f9-4dea-b650-35f16cbeee08","D10","ARIK","ARIK.AOS.discharge","HSCHARTEL","2016-03-15T17:50Z","2016-03-15T17:50Z",9,1.20,"1 point",0.24,"-",0.00,0.00,0.00,0.12,0.00,0.00,0.12,0.02,2.90,0,
"cbf39635-ba9b-4f8e-bd95-e263374713a7","93fcb6ef-87f9-4dea-b650-35f16cbeee08","D10","ARIK","ARIK.AOS.discharge","HSCHARTEL","2016-03-15T17:50Z","2016-03-15T17:50Z",8,1.10,"1 point",0.24,"-",0.00,0.00,0.00,0.13,0.00,0.00,0.13,0.02,3.07,0,
"83ab8b4e-fff9-4da7-81de-063b759439e3","93fcb6ef-87f9-4dea-b650-35f16cbeee08","D10","ARIK","ARIK.AOS.discharge","HSCHARTEL","2016-03-15T17:50Z","2016-03-15T17:50Z",13,1.60,"1 point",0.20,"-",0.00,0.00,0.00,0.18,0.00,0.00,0.18,0.02,3.54,0,
"a376788d-2254-4081-a8d1-691261c44d08","93fcb6ef-87f9-4dea-b650-35f16cbeee08","D10","ARIK","ARIK.AOS.discharge","HSCHARTEL","2016-03-15T17:50Z","2016-03-15T17:50Z",11,1.40,"1 point",0.23,"-",0.00,0.00,0.00,0.13,0.00,0.00,0.13,0.02,3.12,0,
"d0bd12ce-e744-44f5-ad47-988046e458eb","93fcb6ef-87f9-4dea-b650-35f16cbeee08","D10","ARIK","ARIK.AOS.discharge","HSCHARTEL","2016-03-15T17:50Z","2016-03-15T17:50Z",6,0.90,"1 point",0.24,"-",0.00,0.00,0.00,0.15,0.00,0.00,0.15,0.02,3.51,0,
"8db4cf6b-1c79-4f1a-87e7-35ee7f9d1ac9","93fcb6ef-87f9-4dea-b650-35f16cbeee08","D10","ARIK","ARIK.AOS.discharge","HSCHARTEL","2016-03-15T17:50Z","2016-03-15T17:50Z",3,0.60,"1 point",0.12,"-",0.00,0.00,0.00,0.04,0.00,0.00,0.04,0.01,0.44,0,
"e4e77479-53e1-4f30-8357-338a20cdecbe","93fcb6ef-87f9-4dea-b650-35f16cbeee08","D10","ARIK","ARIK.AOS.discharge","HSCHARTEL","2016-03-15T17:50Z","2016-03-15T17:50Z",15,1.80,"1 point",0.17,"-",0.00,0.00,0.00,0.21,0.00,0.00,0.21,0.02,3.56,0,
"8d27b1fe-dc9a-4226-9f2a-c8d691e813e4","93fcb6ef-87f9-4dea-b650-35f16cbeee08","D10","ARIK","ARIK.AOS.discharge","HSCHARTEL","2016-03-15T17:50Z","2016-03-15T17:50Z",2,0.50,"1 point",0.11,"-",0.00,0.00,0.00,0.04,0.00,0.00,0.04,0.01,0.49,0,
"484d424e-2697-4949-941f-9efd7f337102","93fcb6ef-87f9-4dea-b650-35f16cbeee08","D10","ARIK","ARIK.AOS.discharge","HSCHARTEL","2016-03-15T17:50Z","2016-03-15T17:50Z",12,1.50,"1 point",0.20,"-",0.00,0.00,0.00,0.13,0.00,0.00,0.13,0.02,2.59,0,
"f28c3b5d-217e-4c3a-9a73-482f0e78e61c","93fcb6ef-87f9-4dea-b650-35f16cbeee08","D10","ARIK","ARIK.AOS.discharge","HSCHARTEL","2016-03-15T17:50Z","2016-03-15T17:50Z",7,1.00,"1 point",0.23,"-",0.00,0.00,0.00,0.13,0.00,0.00,0.13,0.02,3.10,0,
"0e702585-9376-4bb1-a6e2-5b6c658bc6ba","93fcb6ef-87f9-4dea-b650-35f16cbeee08","D10","ARIK","ARIK.AOS.discharge","HSCHARTEL","2016-03-15T17:50Z","2016-03-15T17:50Z",19,2.20,"1 point",0.06,"-",0.00,0.00,0.00,0.04,0.00,0.00,0.04,0.01,0.23,0,
