uid,recorduid,domainID,siteID,namedLocation,collectedBy,startDate,collectDate,stationNumber,tapeDistance,streamProfilingMethod,waterDepth,edgeFactor,surfaceVelocity,oneFifthDepthVelocity,twoFifthDepthVelocity,threeFifthDepthVelocity,fourFifthDepthVelocity,bedVelocity,averageVelocity,sectionArea,sectionFlow,lowVelocityQF,dataQF
"0c555fd5-e6a1-4934-a047-9b1e0f43c451","7dad32f7-26f9-4ce7-a2aa-d8459ab64fbb","D10","ARIK","ARIK.AOS.discharge","DMONAHAN","2015-03-12T19:17Z","2015-03-12T19:17Z",20,3.78,"1 point",0.16,"-",0.00,0.00,0.00,0.07,0.00,0.00,0.07,0.02,0.00,0,
"5266e2c3-f948-4d96-a823-498e8eb204c3","7dad32f7-26f9-4ce7-a2aa-d8459ab64fbb","D10","ARIK","ARIK.AOS.discharge","DMONAHAN","2015-03-12T19:17Z","2015-03-12T19:17Z",19,3.65,"1 point",0.16,"-",0.00,0.00,0.00,0.10,0.00,0.00,0.10,0.02,0.00,0,
"0662f909-2d8b-4703-90ce-4a3b15db68f6","7dad32f7-26f9-4ce7-a2aa-d8459ab64fbb","D10","ARIK","ARIK.AOS.discharge","DMONAHAN","2015-03-12T19:17Z","2015-03-12T19:17Z",16,3.24,"1 point",0.22,"-",0.00,0.00,0.00,0.04,0.00,0.00,0.04,0.03,0.00,0,
"7b11e526-7b51-486d-85e5-85a69dda351a","7dad32f7-26f9-4ce7-a2aa-d8459ab64fbb","D10","ARIK","ARIK.AOS.discharge","DMONAHAN","2015-03-12T19:17Z","2015-03-12T19:17Z",11,2.60,"1 point",0.40,"-",0.00,0.00,0.00,0.10,0.00,0.00,0.10,0.05,0.00,0,
"bed4e52e-1e26-47f2-8fd5-ae94638659f6","7dad32f7-26f9-4ce7-a2aa-d8459ab64fbb","D10","ARIK","ARIK.AOS.discharge","DMONAHAN","2015-03-12T19:17Z","2015-03-12T19:17Z",17,3.38,"1 point",0.20,"-",0.00,0.00,0.00,0.08,0.00,0.00,0.08,0.03,0.00,0,
"9a21ce9a-a88c-443c-bbe4-3d7ef4a695c9","7dad32f7-26f9-4ce7-a2aa-d8459ab64fbb","D10","ARIK","ARIK.AOS.discharge","DMONAHAN","2015-03-12T19:17Z","2015-03-12T19:17Z",18,3.53,"1 point",0.18,"-",0.00,0.00,0.00,0.11,0.00,0.00,0.11,0.02,0.00,0,
"7b2e080c-1fcb-4419-8c0e-972d8b77cc67","7dad32f7-26f9-4ce7-a2aa-d8459ab64fbb","D10","ARIK","ARIK.AOS.discharge","DMONAHAN","2015-03-12T19:17Z","2015-03-12T19:17Z",14,2.99,"1 point",0.32,"-",0.00,0.00,0.00,0.11,0.00,0.00,0.11,0.04,0.00,0,
"b85c89f5-d437-4e45-9e39-384a5ff9ca32","7dad32f7-26f9-4ce7-a2aa-d8459ab64fbb","D10","ARIK","ARIK.AOS.discharge","DMONAHAN","2015-03-12T19:17Z","2015-03-12T19:17Z",10,2.47,"1 point",0.41,"-",0.00,0.00,0.00,0.07,0.00,0.00,0.07,0.05,0.00,0,
"859f613c-09f0-4fa5-a4b2-1f6811199201","7dad32f7-26f9-4ce7-a2aa-d8459ab64fbb","D10","ARIK","ARIK.AOS.discharge","DMONAHAN","2015-03-12T19:17Z","2015-03-12T19:17Z",15,3.12,"1 point",0.28,"-",0.00,0.00,0.00,0.05,0.00,0.00,0.05,0.03,0.00,0,
"9ce98183-8cb7-4093-b545-3b8baf00f851","7dad32f7-26f9-4ce7-a2aa-d8459ab64fbb","D10","ARIK","ARIK.AOS.discharge","DMONAHAN","2015-03-12T19:17Z","2015-03-12T19:17Z",24,4.30,"0 point",0.00,"-",0.00,0.00,0.00,0.00,0.00,0.00,0.00,0.00,0.00,0,
"fa537b6b-3a54-4cd2-9dab-a653eebe84ed","7dad32f7-26f9-4ce7-a2aa-d8459ab64fbb","D10","ARIK","ARIK.AOS.discharge","DMONAHAN","2015-03-12T19:17Z","2015-03-12T19:17Z",22,4.04,"1 point",0.12,"-",0.00,0.00,0.00,0.03,0.00,0.00,0.03,0.01,0.00,0,
"6b5815e8-8b56-4d72-9b9e-edf55af7b053","7dad32f7-26f9-4ce7-a2aa-d8459ab64fbb","D10","ARIK","ARIK.AOS.discharge","DMONAHAN","2015-03-12T19:17Z","2015-03-12T19:17Z",21,3.91,"1 point",0.14,"-",0.00,0.00,0.00,0.07,0.00,0.00,0.07,0.02,0.00,0,
"5964031e-1706-45ba-a542-78f1f711afb3","7dad32f7-26f9-4ce7-a2aa-d8459ab64fbb","D10","ARIK","ARIK.AOS.discharge","DMONAHAN","2015-03-12T19:17Z","2015-03-12T19:17Z",23,4.17,"1 point",0.06,"-",0.00,0.00,0.00,0.01,0.00,0.00,0.01,0.01,0.00,0,
"04fc47f4-447e-4c43-aae8-465e424321ad","7dad32f7-26f9-4ce7-a2aa-d8459ab64fbb","D10","ARIK","ARIK.AOS.discharge","DMONAHAN","2015-03-12T19:17Z","2015-03-12T19:17Z",13,2.86,"1 point",0.36,"-",0.00,0.00,0.00,0.10,0.00,0.00,0.10,0.05,0.00,0,
"826eddd0-d9fa-4204-921d-9dc4b36d85a0","7dad32f7-26f9-4ce7-a2aa-d8459ab64fbb","D10","ARIK","ARIK.AOS.discharge","DMONAHAN","2015-03-12T19:17Z","2015-03-12T19:17Z",9,2.34,"1 point",0.40,"-",0.00,0.00,0.00,0.10,0.00,0.00,0.10,0.05,0.00,0,
"9b41794f-2a45-4aad-862f-c3701ab7bb2e","7dad32f7-26f9-4ce7-a2aa-d8459ab64fbb","D10","ARIK","ARIK.AOS.discharge","DMONAHAN","2015-03-12T19:17Z","2015-03-12T19:17Z",1,1.30,"0 point",0.00,"-",0.00,0.00,0.00,0.00,0.00,0.00,0.00,0.00,0.00,0,
"78840864-870d-494e-8fe9-9a77ea686600","7dad32f7-26f9-4ce7-a2aa-d8459ab64fbb","D10","ARIK","ARIK.AOS.discharge","DMONAHAN","2015-03-12T19:17Z","2015-03-12T19:17Z",3,1.56,"1 point",0.26,"-",0.00,0.00,0.00,0.02,0.00,0.00,0.02,0.22,0.00,0,
"cc426127-d878-47e2-ba60-a8e82d1d0acb","7dad32f7-26f9-4ce7-a2aa-d8459ab64fbb","D10","ARIK","ARIK.AOS.discharge","DMONAHAN","2015-03-12T19:17Z","2015-03-12T19:17Z",5,1.82,"1 point",0.36,"-",0.00,0.00,0.00,0.12,0.00,0.00,0.12,0.05,0.00,0,
"6e02deb8-e470-49a7-b903-d11ec72e730e","7dad32f7-26f9-4ce7-a2aa-d8459ab64fbb","D10","ARIK","ARIK.AOS.discharge","DMONAHAN","2015-03-12T19:17Z","2015-03-12T19:17Z",6,1.95,"1 point",0.36,"-",0.00,0.00,0.00,0.09,0.00,0.00,0.09,0.05,0.00,0,
"b4219348-1a49-4248-a1a4-ba16544e9ea1","7dad32f7-26f9-4ce7-a2aa-d8459ab64fbb","D10","ARIK","ARIK.AOS.discharge","DMONAHAN","2015-03-12T19:17Z","2015-03-12T19:17Z",2,0.00,"1 point",0.16,"-",0.00,0.00,0.00,0.01,0.00,0.00,0.01,0.23,0.00,0,
"1ff68dd0-a159-4439-99aa-d4402c440557","7dad32f7-26f9-4ce7-a2aa-d8459ab64fbb","D10","ARIK","ARIK.AOS.discharge","DMONAHAN","2015-03-12T19:17Z","2015-03-12T19:17Z",4,1.69,"1 point",0.30,"-",0.00,0.00,0.00,0.09,0.00,0.00,0.09,0.04,0.00,0,
"d4e085a3-0270-4498-9cce-4d0101ffe051","7dad32f7-26f9-4ce7-a2aa-d8459ab64fbb","D10","ARIK","ARIK.AOS.discharge","DMONAHAN","2015-03-12T19:17Z","2015-03-12T19:17Z",8,2.21,"1 point",0.41,"-",0.00,0.00,0.00,0.12,0.00,0.00,0.12,0.05,0.01,0,
"b4bbe0ba-f207-4e8b-b354-43e5859c469a","7dad32f7-26f9-4ce7-a2aa-d8459ab64fbb","D10","ARIK","ARIK.AOS.discharge","DMONAHAN","2015-03-12T19:17Z","2015-03-12T19:17Z",7,2.08,"1 point",0.41,"-",0.00,0.00,0.00,0.11,0.00,0.00,0.11,0.05,0.00,0,
"9840b144-492f-4e1c-bfc0-ab5b3ffb90b6","7dad32f7-26f9-4ce7-a2aa-d8459ab64fbb","D10","ARIK","ARIK.AOS.discharge","DMONAHAN","2015-03-12T19:17Z","2015-03-12T19:17Z",12,2.73,"1 point",0.38,"-",0.00,0.00,0.00,0.13,0.00,0.00,0.13,0.05,0.01,0,
