uid,recorduid,domainID,siteID,namedLocation,collectedBy,startDate,collectDate,stationNumber,tapeDistance,streamProfilingMethod,waterDepth,edgeFactor,surfaceVelocity,oneFifthDepthVelocity,twoFifthDepthVelocity,threeFifthDepthVelocity,fourFifthDepthVelocity,bedVelocity,averageVelocity,sectionArea,sectionFlow,lowVelocityQF,dataQF
"2752614c-4356-47d9-8163-3354a607032f","01238ead-768e-43b2-96a3-f66fefcecd50","D10","ARIK","ARIK.AOS.discharge","HSCHARTEL","2015-02-03T07:59Z","2015-02-03T07:59Z",11,2.56,"1 point",0.42,"-",0.00,0.00,0.00,0.07,0.00,0.00,0.07,0.05,0.00,0,
"339c3926-3f63-4ba1-be13-81fdce48b04d","01238ead-768e-43b2-96a3-f66fefcecd50","D10","ARIK","ARIK.AOS.discharge","HSCHARTEL","2015-02-03T07:59Z","2015-02-03T07:59Z",17,3.50,"1 point",0.18,"-",0.00,0.00,0.00,0.04,0.00,0.00,0.04,0.03,0.00,0,
"7ec28721-84a4-4e21-9c46-d4558b7e3208","01238ead-768e-43b2-96a3-f66fefcecd50","D10","ARIK","ARIK.AOS.discharge","HSCHARTEL","2015-02-03T07:59Z","2015-02-03T07:59Z",12,2.70,"1 point",0.41,"-",0.00,0.00,0.00,0.07,0.00,0.00,0.07,0.06,0.00,0,
"a5538d37-12a5-48a5-97f3-2d13c5c77742","01238ead-768e-43b2-96a3-f66fefcecd50","D10","ARIK","ARIK.AOS.discharge","HSCHARTEL","2015-02-03T07:59Z","2015-02-03T07:59Z",4,1.67,"1 point",0.32,"-",0.00,0.00,0.00,0.06,0.00,0.00,0.06,0.04,0.00,0,
"d178249c-f653-47d2-b9e7-71d058d13385","01238ead-768e-43b2-96a3-f66fefcecd50","D10","ARIK","ARIK.AOS.discharge","HSCHARTEL","2015-02-03T07:59Z","2015-02-03T07:59Z",6,1.94,"1 point",0.37,"-",0.00,0.00,0.00,0.10,0.00,0.00,0.10,0.04,0.00,0,
"fba5e746-5372-4f0e-a355-5440ad7356dd","01238ead-768e-43b2-96a3-f66fefcecd50","D10","ARIK","ARIK.AOS.discharge","HSCHARTEL","2015-02-03T07:59Z","2015-02-03T07:59Z",8,2.18,"1 point",0.41,"-",0.00,0.00,0.00,0.10,0.00,0.00,0.10,0.06,0.00,0,
"e6f70886-9a4b-46ff-a9c3-9c5b57069be2","01238ead-768e-43b2-96a3-f66fefcecd50","D10","ARIK","ARIK.AOS.discharge","HSCHARTEL","2015-02-03T07:59Z","2015-02-03T07:59Z",7,2.04,"1 point",0.40,"-",0.00,0.00,0.00,0.12,0.00,0.00,0.12,0.05,0.00,0,
"838deb92-8984-4cec-b22a-5d2705867347","01238ead-768e-43b2-96a3-f66fefcecd50","D10","ARIK","ARIK.AOS.discharge","HSCHARTEL","2015-02-03T07:59Z","2015-02-03T07:59Z",1,1.25,"0 point",0.00,"-",0.00,0.00,0.00,0.00,0.00,0.00,0.00,0.00,0.00,0,
"9a2500a9-6f31-4c54-abf8-e07b205c6dfa","01238ead-768e-43b2-96a3-f66fefcecd50","D10","ARIK","ARIK.AOS.discharge","HSCHARTEL","2015-02-03T07:59Z","2015-02-03T07:59Z",14,2.98,"1 point",0.40,"-",0.00,0.00,0.00,0.09,0.00,0.00,0.09,0.06,0.00,0,
"9df28cef-9a9f-4cc4-8ab4-c4201caef8dc","01238ead-768e-43b2-96a3-f66fefcecd50","D10","ARIK","ARIK.AOS.discharge","HSCHARTEL","2015-02-03T07:59Z","2015-02-03T07:59Z",18,3.64,"1 point",0.18,"-",0.00,0.00,0.00,0.04,0.00,0.00,0.04,0.02,0.00,0,
"73d73500-490c-465f-9305-2a8531018176","01238ead-768e-43b2-96a3-f66fefcecd50","D10","ARIK","ARIK.AOS.discharge","HSCHARTEL","2015-02-03T07:59Z","2015-02-03T07:59Z",19,3.78,"1 point",0.18,"-",0.00,0.00,0.00,0.11,0.00,0.00,0.11,0.02,0.00,0,
"61bc02d9-fe94-4851-975e-4c4db8d5988f","01238ead-768e-43b2-96a3-f66fefcecd50","D10","ARIK","ARIK.AOS.discharge","HSCHARTEL","2015-02-03T07:59Z","2015-02-03T07:59Z",16,3.26,"1 point",0.26,"-",0.00,0.00,0.00,0.08,0.00,0.00,0.08,0.05,0.00,0,
"59446de7-4d78-4a4f-9bf0-a83c606fa4a6","01238ead-768e-43b2-96a3-f66fefcecd50","D10","ARIK","ARIK.AOS.discharge","HSCHARTEL","2015-02-03T07:59Z","2015-02-03T07:59Z",13,2.84,"1 point",0.38,"-",0.00,0.00,0.00,0.08,0.00,0.00,0.08,0.05,0.00,0,
"4cf24162-6847-48fb-b501-a6efebc17746","01238ead-768e-43b2-96a3-f66fefcecd50","D10","ARIK","ARIK.AOS.discharge","HSCHARTEL","2015-02-03T07:59Z","2015-02-03T07:59Z",2,1.39,"1 point",0.08,"-",0.00,0.00,0.00,0.01,0.00,0.00,0.01,0.01,0.00,0,
"890c7604-c44c-4505-9c1a-6f37556a4715","01238ead-768e-43b2-96a3-f66fefcecd50","D10","ARIK","ARIK.AOS.discharge","HSCHARTEL","2015-02-03T07:59Z","2015-02-03T07:59Z",10,2.46,"1 point",0.42,"-",0.00,0.00,0.00,0.09,0.00,0.00,0.09,0.05,0.00,0,
"c4fca8fc-8d80-4ae6-9591-8cad5fdb6e2d","01238ead-768e-43b2-96a3-f66fefcecd50","D10","ARIK","ARIK.AOS.discharge","HSCHARTEL","2015-02-03T07:59Z","2015-02-03T07:59Z",5,1.80,"1 point",0.34,"-",0.00,0.00,0.00,0.13,0.00,0.00,0.13,0.04,0.00,0,
"1046d3e5-2ef7-44fd-acc6-bc9dbf68cfd7","01238ead-768e-43b2-96a3-f66fefcecd50","D10","ARIK","ARIK.AOS.discharge","HSCHARTEL","2015-02-03T07:59Z","2015-02-03T07:59Z",9,2.32,"1 point",0.41,"-",0.00,0.00,0.00,0.12,0.00,0.00,0.12,0.06,0.01,0,
"762cd722-ee82-4f31-8fcf-266bed96c018","01238ead-768e-43b2-96a3-f66fefcecd50","D10","ARIK","ARIK.AOS.discharge","HSCHARTEL","2015-02-03T07:59Z","2015-02-03T07:59Z",15,3.12,"1 point",0.38,"-",0.00,0.00,0.00,0.09,0.00,0.00,0.09,0.05,0.00,0,
"5b19699d-7981-4165-a940-28de15f9cd3b","01238ead-768e-43b2-96a3-f66fefcecd50","D10","ARIK","ARIK.AOS.discharge","HSCHARTEL","2015-02-03T07:59Z","2015-02-03T07:59Z",21,4.20,"0 point",0.00,"-",0.00,0.00,0.00,0.00,0.00,0.00,0.00,0.00,0.00,0,
"12b7b9ee-2eda-44cb-a94a-3def27181ba3","01238ead-768e-43b2-96a3-f66fefcecd50","D10","ARIK","ARIK.AOS.discharge","HSCHARTEL","2015-02-03T07:59Z","2015-02-03T07:59Z",20,3.92,"1 point",0.12,"-",0.00,0.00,0.00,0.03,0.00,0.00,0.03,0.02,0.00,0,
"1603ffec-0c97-49c2-8712-620e8d59bca8","01238ead-768e-43b2-96a3-f66fefcecd50","D10","ARIK","ARIK.AOS.discharge","HSCHARTEL","2015-02-03T07:59Z","2015-02-03T07:59Z",3,1.53,"1 point",0.21,"-",0.00,0.00,0.00,0.01,0.00,0.00,0.01,0.03,0.00,0,
"f7ae93c3-fbba-404a-abf2-9f977e7dccf3","feb8ed7c-6773-47d5-801a-6476522cf6f2","D10","ARIK","ARIK.AOS.discharge","DSTETSON","2015-02-18T07:03Z","2015-02-18T07:03Z",1,1.35,"0 point",0.00,"-",0.00,0.00,0.00,0.00,0.00,0.00,0.00,0.00,0.00,0,
"d4161201-afed-4679-b450-af3fbe1be02a","feb8ed7c-6773-47d5-801a-6476522cf6f2","D10","ARIK","ARIK.AOS.discharge","DSTETSON","2015-02-18T07:03Z","2015-02-18T07:03Z",20,4.25,"1 point",0.05,"-",0.00,0.00,0.00,0.01,0.00,0.00,0.01,0.01,0.00,0,
"618b1f4a-1e59-4ebe-b927-75b5303406d0","feb8ed7c-6773-47d5-801a-6476522cf6f2","D10","ARIK","ARIK.AOS.discharge","DSTETSON","2015-02-18T07:03Z","2015-02-18T07:03Z",9,2.60,"1 point",0.41,"-",0.00,0.00,0.00,0.07,0.00,0.00,0.07,0.07,0.00,0,
"2ec60ba2-4cb1-4ba4-9bb9-2b178a9f736d","feb8ed7c-6773-47d5-801a-6476522cf6f2","D10","ARIK","ARIK.AOS.discharge","DSTETSON","2015-02-18T07:03Z","2015-02-18T07:03Z",13,3.20,"1 point",0.28,"-",0.00,0.00,0.00,0.09,0.00,0.00,0.09,0.04,0.00,0,
"aa181ac1-4789-484f-bfe7-56cd2549b911","feb8ed7c-6773-47d5-801a-6476522cf6f2","D10","ARIK","ARIK.AOS.discharge","DSTETSON","2015-02-18T07:03Z","2015-02-18T07:03Z",15,3.50,"1 point",0.18,"-",0.00,0.00,0.00,0.02,0.00,0.00,0.02,0.03,0.00,0,
"b9cf9680-dabd-4e86-87dc-bb2be57819e7","feb8ed7c-6773-47d5-801a-6476522cf6f2","D10","ARIK","ARIK.AOS.discharge","DSTETSON","2015-02-18T07:03Z","2015-02-18T07:03Z",5,1.95,"1 point",0.35,"-",0.00,0.00,0.00,0.11,0.00,0.00,0.11,0.05,0.00,0,
"5709dea4-2b63-43aa-b700-760b75a874f6","feb8ed7c-6773-47d5-801a-6476522cf6f2","D10","ARIK","ARIK.AOS.discharge","DSTETSON","2015-02-18T07:03Z","2015-02-18T07:03Z",17,3.80,"1 point",0.12,"-",0.00,0.00,0.00,0.11,0.00,0.00,0.11,0.02,0.00,0,
"fb605f9b-425f-4b77-9901-1240a9db9f14","feb8ed7c-6773-47d5-801a-6476522cf6f2","D10","ARIK","ARIK.AOS.discharge","DSTETSON","2015-02-18T07:03Z","2015-02-18T07:03Z",3,1.60,"1 point",0.22,"-",0.00,0.00,0.00,0.04,0.00,0.00,0.04,0.03,0.00,0,
"50da9113-25ee-4ea8-9f5a-9a640b7ed91f","feb8ed7c-6773-47d5-801a-6476522cf6f2","D10","ARIK","ARIK.AOS.discharge","DSTETSON","2015-02-18T07:03Z","2015-02-18T07:03Z",21,4.40,"0 point",0.00,"-",0.00,0.00,0.00,0.00,0.00,0.00,0.00,0.00,0.00,0,
"5b328cf2-3316-4bc6-ad83-93a59a2d773c","feb8ed7c-6773-47d5-801a-6476522cf6f2","D10","ARIK","ARIK.AOS.discharge","DSTETSON","2015-02-18T07:03Z","2015-02-18T07:03Z",19,4.05,"1 point",0.08,"-",0.00,0.00,0.00,0.03,0.00,0.00,0.03,0.01,0.00,0,
"90ca6411-d020-4218-a278-af807fa928d5","feb8ed7c-6773-47d5-801a-6476522cf6f2","D10","ARIK","ARIK.AOS.discharge","DSTETSON","2015-02-18T07:03Z","2015-02-18T07:03Z",6,2.10,"1 point",0.38,"-",0.00,0.00,0.00,0.10,0.00,0.00,0.10,0.06,0.00,0,
"6aca4788-66ad-4592-a2ad-4bd733171fd6","feb8ed7c-6773-47d5-801a-6476522cf6f2","D10","ARIK","ARIK.AOS.discharge","DSTETSON","2015-02-18T07:03Z","2015-02-18T07:03Z",10,2.75,"1 point",0.40,"-",0.00,0.00,0.00,0.08,0.00,0.00,0.08,0.06,0.00,0,
"51db58d0-6ec6-4db2-90a9-e370df55c9c0","feb8ed7c-6773-47d5-801a-6476522cf6f2","D10","ARIK","ARIK.AOS.discharge","DSTETSON","2015-02-18T07:03Z","2015-02-18T07:03Z",4,1.80,"1 point",0.32,"-",0.00,0.00,0.00,0.08,0.00,0.00,0.08,0.05,0.00,0,
"1e1ae395-85e8-47d5-9975-ba6e9bacbb08","feb8ed7c-6773-47d5-801a-6476522cf6f2","D10","ARIK","ARIK.AOS.discharge","DSTETSON","2015-02-18T07:03Z","2015-02-18T07:03Z",12,3.05,"1 point",0.30,"-",0.00,0.00,0.00,0.12,0.00,0.00,0.12,0.04,0.00,0,
"e498f9e2-4b19-400d-a7ae-48d9cc3b9cb3","feb8ed7c-6773-47d5-801a-6476522cf6f2","D10","ARIK","ARIK.AOS.discharge","DSTETSON","2015-02-18T07:03Z","2015-02-18T07:03Z",7,2.25,"1 point",0.40,"-",0.00,0.00,0.00,0.09,0.00,0.00,0.09,0.06,0.00,0,
"42a0dcf3-b52a-4c66-829a-a540baa461f4","feb8ed7c-6773-47d5-801a-6476522cf6f2","D10","ARIK","ARIK.AOS.discharge","DSTETSON","2015-02-18T07:03Z","2015-02-18T07:03Z",2,1.50,"1 point",0.12,"-",0.00,0.00,0.00,0.01,0.00,0.00,0.01,0.01,0.00,0,
"5ce53b3e-0a8a-46a8-8f2a-45b8baff76f9","feb8ed7c-6773-47d5-801a-6476522cf6f2","D10","ARIK","ARIK.AOS.discharge","DSTETSON","2015-02-18T07:03Z","2015-02-18T07:03Z",11,2.90,"1 point",0.36,"-",0.00,0.00,0.00,0.08,0.00,0.00,0.08,0.05,0.00,0,
"b8317b40-c64e-453d-aa21-fc11119c4880","feb8ed7c-6773-47d5-801a-6476522cf6f2","D10","ARIK","ARIK.AOS.discharge","DSTETSON","2015-02-18T07:03Z","2015-02-18T07:03Z",18,3.95,"1 point",0.11,"-",0.00,0.00,0.00,0.07,0.00,0.00,0.07,0.01,0.00,0,
"67455b3c-567f-4dbe-8b67-94d9122497cc","feb8ed7c-6773-47d5-801a-6476522cf6f2","D10","ARIK","ARIK.AOS.discharge","DSTETSON","2015-02-18T07:03Z","2015-02-18T07:03Z",8,2.40,"1 point",0.40,"-",0.00,0.00,0.00,0.12,0.00,0.00,0.12,0.07,0.01,0,
"9b13c5d5-85a2-49be-8370-5d68bf4e75e3","feb8ed7c-6773-47d5-801a-6476522cf6f2","D10","ARIK","ARIK.AOS.discharge","DSTETSON","2015-02-18T07:03Z","2015-02-18T07:03Z",14,3.35,"1 point",0.20,"-",0.00,0.00,0.00,0.10,0.00,0.00,0.10,0.03,0.00,0,
"00b36933-b666-424a-8a28-29982c7af7d6","feb8ed7c-6773-47d5-801a-6476522cf6f2","D10","ARIK","ARIK.AOS.discharge","DSTETSON","2015-02-18T07:03Z","2015-02-18T07:03Z",16,3.65,"1 point",0.13,"-",0.00,0.00,0.00,0.11,0.00,0.00,0.11,0.02,0.00,0,
