uid,recorduid,domainID,siteID,namedLocation,collectedBy,startDate,collectDate,streamStage,streamStageUnits,handheldDeviceID,velocitySensorID,filterParamTime,stationEntryTest,flowCalculation,waterEdge,totalDischarge,totalDischargeUnits,samplingProtocolVersion,averageVelocityUnits,waterDepthUnits,tapeDistanceUnits,flowCalcQF,dischargeUnitsQF,streamStageUnitsQF,averageVelocityUnitsQF,waterDepthUnitsQF,tapeDistanceUnitsQF,lowVelocityFinalQF,dataQF
"2d7110f4-a6c0-4a61-b935-32c25d722519","b184a0ac-5bc5-44d1-83f7-f56a5f9ebb08","D10","ARIK","ARIK.AOS.discharge","BNANCE","2016-11-01T16:48Z","2016-11-01T16:48Z",0.25,"meter","122581001261","132660300436",10.0,"Non-fixed","Mid-section","Right edge water",7.85,"litersPerSecond","NEON.DOC.001085vC","meterPerSecond","meter","meter","0",0,0,0,0,0,0,
"80ba305c-31d9-4446-9f96-1883e55f2f73","e787c160-9ecd-4dcc-89cb-a6c93875fcd3","D10","ARIK","ARIK.AOS.discharge","HSCHARTEL","2016-11-01T17:12Z","2016-11-01T17:12Z",0.25,"meter","122581001261","132660300436",10.0,"Non-fixed","Mid-section","Right edge water",8.46,"litersPerSecond","NEON.DOC.001085vC","meterPerSecond","meter","meter","0",0,0,0,0,0,0,
"0991fac8-b771-4778-85d5-9c36a490d4bf","4081caf6-d914-4605-8af4-248bc8751ffd","D10","ARIK","ARIK.AOS.discharge","BNANCE","2016-11-21T20:25Z","2016-11-21T20:25Z",0.32,"meter","122581001261","132660300436",20.0,"Non-fixed","Mid-section","Right edge water",17.26,"litersPerSecond","NEON.DOC.001085vC","meterPerSecond","meter","meter","0",0,0,0,0,0,0,
"1e514ab5-b691-4964-80ec-04981bcd9ba6","4e4fd684-fcf3-4aa9-9d44-7473cc81ca67","D10","ARIK","ARIK.AOS.discharge","LEGLI","2016-11-21T20:37Z","2016-11-21T20:37Z",0.32,"meter","122581001261","132660300436",10.0,"Non-fixed","Mid-section","Right edge water",21.46,"litersPerSecond","NEON.DOC.001085vC","meterPerSecond","meter","meter","0",0,0,0,0,0,0,
