uid,recorduid,domainID,siteID,namedLocation,collectedBy,startDate,collectDate,stationNumber,tapeDistance,streamProfilingMethod,waterDepth,edgeFactor,surfaceVelocity,oneFifthDepthVelocity,twoFifthDepthVelocity,threeFifthDepthVelocity,fourFifthDepthVelocity,bedVelocity,averageVelocity,sectionArea,sectionFlow,lowVelocityQF,dataQF
"fda52004-b787-439b-9242-0eaedad60ed0","4e4befce-b77f-4b45-a9fa-4f9486cf25f6","D10","ARIK","ARIK.AOS.discharge","HSCHARTEL","2015-01-08T20:57Z","2015-01-08T20:57Z",22,4.40,"1 point",0.09,"-",0.00,0.00,0.00,0.00,0.00,0.00,0.00,0.01,0.00,0,
"cd6fa0f2-b9cd-4fbf-9e98-e81edc2a4596","4e4befce-b77f-4b45-a9fa-4f9486cf25f6","D10","ARIK","ARIK.AOS.discharge","HSCHARTEL","2015-01-08T20:57Z","2015-01-08T20:57Z",21,4.25,"1 point",0.12,"-",0.00,0.00,0.00,0.00,0.00,0.00,0.00,0.02,0.00,0,
"7e3b1224-a60b-4fa6-a227-4e98f45b5e3c","4e4befce-b77f-4b45-a9fa-4f9486cf25f6","D10","ARIK","ARIK.AOS.discharge","HSCHARTEL","2015-01-08T20:57Z","2015-01-08T20:57Z",1,1.20,"0 point",0.00,"-",0.00,0.00,0.00,0.00,0.00,0.00,0.00,0.00,0.00,0,
"ffc61227-399a-4d5e-bee2-0cf8ec436e9e","4e4befce-b77f-4b45-a9fa-4f9486cf25f6","D10","ARIK","ARIK.AOS.discharge","HSCHARTEL","2015-01-08T20:57Z","2015-01-08T20:57Z",9,2.45,"1 point",0.48,"-",0.00,0.00,0.00,0.08,0.00,0.00,0.08,0.07,0.00,0,
"d4f3e017-45cd-434a-907a-899e650fcb1c","4e4befce-b77f-4b45-a9fa-4f9486cf25f6","D10","ARIK","ARIK.AOS.discharge","HSCHARTEL","2015-01-08T20:57Z","2015-01-08T20:57Z",8,2.30,"1 point",0.48,"-",0.00,0.00,0.00,0.09,0.00,0.00,0.09,0.07,0.01,0,
"8a909b30-5990-4455-aa2f-ca7374a3a318","4e4befce-b77f-4b45-a9fa-4f9486cf25f6","D10","ARIK","ARIK.AOS.discharge","HSCHARTEL","2015-01-08T20:57Z","2015-01-08T20:57Z",16,3.50,"1 point",0.25,"-",0.00,0.00,0.00,0.02,0.00,0.00,0.02,0.04,0.00,0,
"394bf0c5-045d-49f7-939d-f42482922672","4e4befce-b77f-4b45-a9fa-4f9486cf25f6","D10","ARIK","ARIK.AOS.discharge","HSCHARTEL","2015-01-08T20:57Z","2015-01-08T20:57Z",15,3.35,"1 point",0.26,"-",0.00,0.00,0.00,0.04,0.00,0.00,0.04,0.04,0.00,0,
"53ebd829-2a8c-4c70-b727-5ba175b98c7c","4e4befce-b77f-4b45-a9fa-4f9486cf25f6","D10","ARIK","ARIK.AOS.discharge","HSCHARTEL","2015-01-08T20:57Z","2015-01-08T20:57Z",7,2.15,"1 point",0.46,"-",0.00,0.00,0.00,0.09,0.00,0.00,0.09,0.07,0.01,0,
"9f895211-77b3-4e0f-95c5-fff44691c6e4","4e4befce-b77f-4b45-a9fa-4f9486cf25f6","D10","ARIK","ARIK.AOS.discharge","HSCHARTEL","2015-01-08T20:57Z","2015-01-08T20:57Z",19,3.95,"1 point",0.18,"-",0.00,0.00,0.00,0.05,0.00,0.00,0.05,0.03,0.00,0,
"28c73a45-a672-46f2-9c4a-5607e27b51ac","4e4befce-b77f-4b45-a9fa-4f9486cf25f6","D10","ARIK","ARIK.AOS.discharge","HSCHARTEL","2015-01-08T20:57Z","2015-01-08T20:57Z",3,1.55,"1 point",0.25,"-",0.00,0.00,0.00,0.01,0.00,0.00,0.01,0.04,0.00,0,
"4d761796-3778-4590-9183-eab06c4e9a71","4e4befce-b77f-4b45-a9fa-4f9486cf25f6","D10","ARIK","ARIK.AOS.discharge","HSCHARTEL","2015-01-08T20:57Z","2015-01-08T20:57Z",5,1.85,"1 point",0.39,"-",0.00,0.00,0.00,0.10,0.00,0.00,0.10,0.06,0.00,0,
"45830abe-2931-4350-afad-8e5d2cf196c0","4e4befce-b77f-4b45-a9fa-4f9486cf25f6","D10","ARIK","ARIK.AOS.discharge","HSCHARTEL","2015-01-08T20:57Z","2015-01-08T20:57Z",11,2.75,"1 point",0.47,"-",0.00,0.00,0.00,0.06,0.00,0.00,0.06,0.07,0.00,0,
"560b4df8-935e-468b-94ad-4bcf52a8dcf6","4e4befce-b77f-4b45-a9fa-4f9486cf25f6","D10","ARIK","ARIK.AOS.discharge","HSCHARTEL","2015-01-08T20:57Z","2015-01-08T20:57Z",2,1.40,"1 point",0.13,"-",0.00,0.00,0.00,0.01,0.00,0.00,0.01,0.02,0.00,0,
"be63c8d1-7ef8-4e27-9d5a-10afac5f89df","4e4befce-b77f-4b45-a9fa-4f9486cf25f6","D10","ARIK","ARIK.AOS.discharge","HSCHARTEL","2015-01-08T20:57Z","2015-01-08T20:57Z",20,4.10,"1 point",0.14,"-",0.00,0.00,0.00,0.01,0.00,0.00,0.01,0.02,0.00,0,
"3552ee5e-eb90-452d-8440-6caa61b90f26","4e4befce-b77f-4b45-a9fa-4f9486cf25f6","D10","ARIK","ARIK.AOS.discharge","HSCHARTEL","2015-01-08T20:57Z","2015-01-08T20:57Z",17,3.65,"1 point",0.20,"-",0.00,0.00,0.00,0.05,0.00,0.00,0.05,0.03,0.00,0,
"947a8a4b-3fe0-4fe3-adb2-0694aa245a5c","4e4befce-b77f-4b45-a9fa-4f9486cf25f6","D10","ARIK","ARIK.AOS.discharge","HSCHARTEL","2015-01-08T20:57Z","2015-01-08T20:57Z",12,2.90,"1 point",0.45,"-",0.00,0.00,0.00,0.08,0.00,0.00,0.08,0.07,0.00,0,
"ba27dd19-cf02-4580-abc2-503d68adb775","4e4befce-b77f-4b45-a9fa-4f9486cf25f6","D10","ARIK","ARIK.AOS.discharge","HSCHARTEL","2015-01-08T20:57Z","2015-01-08T20:57Z",18,3.80,"1 point",0.20,"-",0.00,0.00,0.00,0.10,0.00,0.00,0.10,0.03,0.00,0,
"0e87b370-ee9f-4e84-8ee6-f844de6a2328","4e4befce-b77f-4b45-a9fa-4f9486cf25f6","D10","ARIK","ARIK.AOS.discharge","HSCHARTEL","2015-01-08T20:57Z","2015-01-08T20:57Z",23,4.55,"0 point",0.00,"-",0.00,0.00,0.00,0.00,0.00,0.00,0.00,0.00,0.00,0,
"99927fd8-c6ce-4f34-94df-aeace737915b","4e4befce-b77f-4b45-a9fa-4f9486cf25f6","D10","ARIK","ARIK.AOS.discharge","HSCHARTEL","2015-01-08T20:57Z","2015-01-08T20:57Z",13,3.05,"1 point",0.39,"-",0.00,0.00,0.00,0.11,0.00,0.00,0.11,0.06,0.01,0,
"d8fc4841-430c-42c9-b33a-4cd9f734cdae","4e4befce-b77f-4b45-a9fa-4f9486cf25f6","D10","ARIK","ARIK.AOS.discharge","HSCHARTEL","2015-01-08T20:57Z","2015-01-08T20:57Z",14,3.20,"1 point",0.34,"-",0.00,0.00,0.00,0.11,0.00,0.00,0.11,0.05,0.00,0,
"7ea35b6a-9139-4a9f-9ce2-c49aee3cf8b8","4e4befce-b77f-4b45-a9fa-4f9486cf25f6","D10","ARIK","ARIK.AOS.discharge","HSCHARTEL","2015-01-08T20:57Z","2015-01-08T20:57Z",4,1.70,"1 point",0.34,"-",0.00,0.00,0.00,0.06,0.00,0.00,0.06,0.05,0.00,0,
"b72d4d96-74f6-4bc9-b9d4-a267ff2f28c8","4e4befce-b77f-4b45-a9fa-4f9486cf25f6","D10","ARIK","ARIK.AOS.discharge","HSCHARTEL","2015-01-08T20:57Z","2015-01-08T20:57Z",6,2.00,"1 point",0.44,"-",0.00,0.00,0.00,0.09,0.00,0.00,0.09,0.06,0.01,0,
"6b2208fd-a4f9-41e7-aaf9-dc2197ec5792","4e4befce-b77f-4b45-a9fa-4f9486cf25f6","D10","ARIK","ARIK.AOS.discharge","HSCHARTEL","2015-01-08T20:57Z","2015-01-08T20:57Z",10,2.60,"1 point",0.48,"-",0.00,0.00,0.00,0.06,0.00,0.00,0.06,0.07,0.00,0,
