uid,recorduid,domainID,siteID,namedLocation,collectedBy,startDate,collectDate,stationNumber,tapeDistance,streamProfilingMethod,waterDepth,edgeFactor,surfaceVelocity,oneFifthDepthVelocity,twoFifthDepthVelocity,threeFifthDepthVelocity,fourFifthDepthVelocity,bedVelocity,averageVelocity,sectionArea,sectionFlow,lowVelocityQF,dataQF
"a8e03a77-e235-4665-9ee9-b642da53c09f","747d2da7-bd46-472b-83c5-d93cfdb0fb12","D10","ARIK","ARIK.AOS.discharge","HSCHARTEL","2015-09-24T17:59Z","2015-09-24T17:59Z",9,2.01,"1 point",0.19,"-",0.00,0.00,0.00,0.00,0.00,0.00,0.00,0.01,-0.05,0,
"ef7584b3-3a0c-4194-98f9-30a2c001957e","747d2da7-bd46-472b-83c5-d93cfdb0fb12","D10","ARIK","ARIK.AOS.discharge","HSCHARTEL","2015-09-24T17:59Z","2015-09-24T17:59Z",15,2.38,"1 point",0.10,"-",0.00,0.00,0.00,0.00,0.00,0.00,0.00,0.00,-0.02,0,
"4586e546-89bb-4bc1-9b1b-c5cd037ac3f3","747d2da7-bd46-472b-83c5-d93cfdb0fb12","D10","ARIK","ARIK.AOS.discharge","HSCHARTEL","2015-09-24T17:59Z","2015-09-24T17:59Z",8,1.94,"1 point",0.18,"-",0.00,0.00,0.00,0.00,0.00,0.00,0.00,0.01,-0.02,0,
"a16780cc-7f40-4c68-a12d-f88577132fe6","747d2da7-bd46-472b-83c5-d93cfdb0fb12","D10","ARIK","ARIK.AOS.discharge","HSCHARTEL","2015-09-24T17:59Z","2015-09-24T17:59Z",1,1.45,"0 point",0.00,"-",0.00,0.00,0.00,0.00,0.00,0.00,0.00,0.00,0.00,0,
"055b7a75-0611-4e3e-8691-9cfbf476be22","747d2da7-bd46-472b-83c5-d93cfdb0fb12","D10","ARIK","ARIK.AOS.discharge","HSCHARTEL","2015-09-24T17:59Z","2015-09-24T17:59Z",11,2.15,"1 point",0.18,"-",0.00,0.00,0.00,0.00,0.00,0.00,0.00,0.01,-0.04,0,
"ffeea568-3e10-4d9c-bb8d-1de9ca7b60eb","747d2da7-bd46-472b-83c5-d93cfdb0fb12","D10","ARIK","ARIK.AOS.discharge","HSCHARTEL","2015-09-24T17:59Z","2015-09-24T17:59Z",10,2.08,"1 point",0.19,"-",0.00,0.00,0.00,0.00,0.00,0.00,0.00,0.01,-0.05,0,
"d67d4c81-0073-4b0f-9212-7515a4ac09a8","747d2da7-bd46-472b-83c5-d93cfdb0fb12","D10","ARIK","ARIK.AOS.discharge","HSCHARTEL","2015-09-24T17:59Z","2015-09-24T17:59Z",5,1.73,"1 point",0.10,"-",0.00,0.00,0.00,-0.01,0.00,0.00,-0.01,0.01,-0.04,1,
"38a70a17-5d2c-45ae-be27-3e90be8ff8db","747d2da7-bd46-472b-83c5-d93cfdb0fb12","D10","ARIK","ARIK.AOS.discharge","HSCHARTEL","2015-09-24T17:59Z","2015-09-24T17:59Z",21,2.85,"0 point",0.00,"-",0.00,0.00,0.00,0.00,0.00,0.00,0.00,0.00,0.00,0,
"79226d37-d9a1-47cc-87c2-23acf25e580f","747d2da7-bd46-472b-83c5-d93cfdb0fb12","D10","ARIK","ARIK.AOS.discharge","HSCHARTEL","2015-09-24T17:59Z","2015-09-24T17:59Z",12,2.22,"1 point",0.18,"-",0.00,0.00,0.00,-0.01,0.00,0.00,-0.01,0.01,-0.08,1,
"4a1e1788-38c7-4e78-ae07-9a6e76931c3d","747d2da7-bd46-472b-83c5-d93cfdb0fb12","D10","ARIK","ARIK.AOS.discharge","HSCHARTEL","2015-09-24T17:59Z","2015-09-24T17:59Z",14,2.36,"1 point",0.14,"-",0.00,0.00,0.00,0.00,0.00,0.00,0.00,0.01,-0.03,0,
"94d7ee0c-6f6a-4d91-8c97-2cad8e0c1d07","747d2da7-bd46-472b-83c5-d93cfdb0fb12","D10","ARIK","ARIK.AOS.discharge","HSCHARTEL","2015-09-24T17:59Z","2015-09-24T17:59Z",18,2.59,"1 point",0.06,"-",0.00,0.00,0.00,-0.01,0.00,0.00,-0.01,0.00,-0.03,1,
"f96770c2-ed17-496b-9e85-6f2044fe5393","747d2da7-bd46-472b-83c5-d93cfdb0fb12","D10","ARIK","ARIK.AOS.discharge","HSCHARTEL","2015-09-24T17:59Z","2015-09-24T17:59Z",13,2.29,"1 point",0.16,"-",0.00,0.00,0.00,0.00,0.00,0.00,0.00,0.01,-0.06,0,
"8f2e5471-1c3f-45c7-acb9-ea55648ac6fe","747d2da7-bd46-472b-83c5-d93cfdb0fb12","D10","ARIK","ARIK.AOS.discharge","HSCHARTEL","2015-09-24T17:59Z","2015-09-24T17:59Z",7,1.87,"1 point",0.14,"-",0.00,0.00,0.00,0.00,0.00,0.00,0.00,0.01,-0.03,0,
"c244fb9e-2ccd-4f40-89f1-0b61e9d3ceb6","747d2da7-bd46-472b-83c5-d93cfdb0fb12","D10","ARIK","ARIK.AOS.discharge","HSCHARTEL","2015-09-24T17:59Z","2015-09-24T17:59Z",17,2.52,"1 point",0.08,"-",0.00,0.00,0.00,0.00,0.00,0.00,0.00,0.00,-0.02,0,
"9483c157-a3d7-470b-b0f5-824a94bdf308","747d2da7-bd46-472b-83c5-d93cfdb0fb12","D10","ARIK","ARIK.AOS.discharge","HSCHARTEL","2015-09-24T17:59Z","2015-09-24T17:59Z",20,2.73,"1 point",0.04,"-",0.00,0.00,0.00,0.00,0.00,0.00,0.00,0.00,-0.02,0,
"520232bf-bd45-493a-a845-9a5e9ddc36e3","747d2da7-bd46-472b-83c5-d93cfdb0fb12","D10","ARIK","ARIK.AOS.discharge","HSCHARTEL","2015-09-24T17:59Z","2015-09-24T17:59Z",4,1.66,"1 point",0.10,"-",0.00,0.00,0.00,0.00,0.00,0.00,0.00,0.01,-0.03,0,
"81643be8-b8e7-4dd7-bf95-b9b9bcfbbaf6","747d2da7-bd46-472b-83c5-d93cfdb0fb12","D10","ARIK","ARIK.AOS.discharge","HSCHARTEL","2015-09-24T17:59Z","2015-09-24T17:59Z",3,1.59,"1 point",0.08,"-",0.00,0.00,0.00,0.00,0.00,0.00,0.00,0.00,-0.01,0,
"0bfb080b-aa9a-4a79-a3c4-8b79c3b4374a","747d2da7-bd46-472b-83c5-d93cfdb0fb12","D10","ARIK","ARIK.AOS.discharge","HSCHARTEL","2015-09-24T17:59Z","2015-09-24T17:59Z",16,2.45,"1 point",0.10,"-",0.00,0.00,0.00,-0.01,0.00,0.00,-0.01,0.01,-0.04,1,
"1ca97704-f183-4e90-a1b6-973354460b37","747d2da7-bd46-472b-83c5-d93cfdb0fb12","D10","ARIK","ARIK.AOS.discharge","HSCHARTEL","2015-09-24T17:59Z","2015-09-24T17:59Z",6,1.80,"1 point",0.12,"-",0.00,0.00,0.00,0.00,0.00,0.00,0.00,0.01,-0.02,0,
"54df5d93-efd1-4f87-b605-36565e46780c","747d2da7-bd46-472b-83c5-d93cfdb0fb12","D10","ARIK","ARIK.AOS.discharge","HSCHARTEL","2015-09-24T17:59Z","2015-09-24T17:59Z",19,2.66,"1 point",0.06,"-",0.00,0.00,0.00,-0.01,0.00,0.00,-0.01,0.00,-0.04,1,
"47d71665-4eda-4df3-b7bf-ef0078b21e5b","747d2da7-bd46-472b-83c5-d93cfdb0fb12","D10","ARIK","ARIK.AOS.discharge","HSCHARTEL","2015-09-24T17:59Z","2015-09-24T17:59Z",2,1.52,"1 point",0.06,"-",0.00,0.00,0.00,0.00,0.00,0.00,0.00,0.00,-0.01,0,
